date,total_confirm,total_suspect,total_heal,total_dead,total_severe,today_confirm,today_suspect,today_heal,today_dead,today_severe,today_storeConfirm,name
2020-01-20,270,0,25,6,0,270,0.0,25,6,,,湖北
2020-01-21,375,0,25,9,0,105,,0,3,,,湖北
2020-01-22,444,0,28,17,0,69,0.0,3,8,,,湖北
2020-01-23,549,710,28,24,0,105,,0,7,,,湖北
2020-01-24,729,1405,31,39,0,180,,3,15,,,湖北
2020-01-25,1052,1887,32,52,0,323,,1,13,,,湖北
2020-01-26,1423,4472,42,76,0,371,,10,24,,,湖北
2020-01-27,2714,5324,44,100,0,1291,,2,24,,,湖北
2020-01-28,3554,6940,47,125,0,840,,3,25,,,湖北
2020-01-29,4586,9033,90,162,0,1032,,43,37,,,湖北
2020-01-30,5806,11272,136,204,0,1220,,46,42,,,湖北
2020-01-31,7153,13577,166,249,0,1347,,30,45,,,湖北
2020-02-01,9074,14872,215,294,0,1921,,49,45,,,湖北
2020-02-02,11177,16898,295,350,0,2103,,80,56,,,湖北
2020-02-03,13522,18549,396,414,0,2345,,101,64,,,湖北
2020-02-04,16678,18447,520,479,0,3156,,124,65,,,湖北
2020-02-05,19665,0,633,549,0,2987,0.0,113,70,,,湖北
2020-02-06,22112,21261,817,618,0,2447,0.0,184,69,,,湖北
2020-02-07,24953,0,1115,699,0,2841,0.0,298,81,,,湖北
2020-02-08,27100,28942,1439,780,0,2147,0.0,324,81,0.0,,湖北
2020-02-09,29631,0,1795,871,0,2531,0.0,356,91,,,湖北
2020-02-10,31728,0,2222,974,0,2097,0.0,427,103,,,湖北
2020-02-11,33366,0,2639,1068,0,1638,0.0,417,94,,,湖北
2020-02-12,47163,0,3172,1202,0,13797,0.0,533,134,,,湖北
2020-02-13,51986,0,3862,1318,0,4823,0.0,690,116,,,湖北
2020-02-14,54401,0,4774,1457,0,2415,0.0,912,139,,,湖北
2020-02-15,56249,0,5623,1596,0,1848,0.0,849,139,,,湖北
2020-02-16,58182,0,6639,1696,0,1933,0.0,1016,100,,,湖北
2020-02-17,59989,0,7862,1789,0,1807,0.0,1223,93,,,湖北
2020-02-18,61682,0,9128,1921,0,1693,,1266,132,,,湖北
2020-02-19,62457,0,10337,2029,0,775,,1209,108,,,湖北
2020-02-20,63088,0,11790,2144,0,631,,1453,115,,,湖北
2020-02-21,63454,0,13557,2250,0,366,,1767,106,,,湖北
2020-02-22,63889,0,15299,2346,0,435,,1742,96,,,湖北
2020-02-23,64287,0,16738,2495,0,398,,1439,149,,,湖北
2020-02-24,64786,0,18854,2563,0,499,,2116,68,,,湖北
2020-02-25,65187,0,20912,2615,0,401,,2058,52,,,湖北
2020-02-26,65596,0,23200,2641,0,409,,2288,26,,,湖北
2020-02-27,65914,0,26403,2682,0,318,,3203,41,,,湖北
2020-02-28,66337,0,28895,2727,0,423,,2492,45,,,湖北
2020-02-29,66907,0,31187,2761,0,570,,2292,34,,,湖北
2020-03-01,67103,0,33757,2803,0,196,,2570,42,,,湖北
2020-03-02,67217,0,36167,2834,0,114,,2410,31,,,湖北
2020-03-03,67332,0,38556,2871,0,115,,2389,37,,,湖北
2020-03-04,67466,0,40479,2902,0,134,,1923,31,,,湖北
2020-03-05,67592,0,41966,2931,0,126,,1487,29,,,湖北
2020-03-06,67666,0,43468,2959,0,74,,1502,28,,,湖北
2020-03-07,67707,0,45011,2986,0,41,,1543,27,,,湖北
2020-03-08,67743,0,46433,3007,0,36,,1422,21,,,湖北
2020-03-09,67760,0,47585,3024,0,17,,1152,17,,,湖北
2020-03-10,67773,0,49056,3046,0,13,,1471,22,,,湖北
2020-03-11,67781,0,50298,3056,0,8,,1242,10,,,湖北
2020-03-12,67786,0,51553,3062,0,5,,1255,6,,,湖北
2020-03-13,67790,0,52943,3075,0,4,,1390,13,,,湖北
2020-03-14,67794,0,54278,3085,0,4,,1335,10,,,湖北
2020-03-15,67798,0,55094,3099,0,4,,816,14,,,湖北
2020-03-16,67799,0,55987,3111,0,1,,893,12,,,湖北
2020-03-17,67800,0,56883,3122,0,1,,896,11,,,湖北
2020-03-18,67800,0,57678,3130,0,0,,795,8,,,湖北
2020-03-19,67800,0,58381,3132,0,0,0.0,703,2,0.0,,湖北
2020-03-20,67800,0,58942,3139,0,0,,561,7,,,湖北
2020-03-21,67800,0,59432,3144,0,0,,490,5,,,湖北
2020-03-22,67800,0,59879,3153,0,0,,447,9,,,湖北
2020-03-23,67801,0,60323,3160,0,1,,444,7,,,湖北
2020-03-24,67801,0,60810,3163,0,0,,487,3,,,湖北
2020-03-25,67801,0,61201,3169,0,0,,391,6,,,湖北
2020-03-26,67801,0,61731,3174,0,0,,530,5,,,湖北
2020-03-27,67801,0,62098,3177,0,0,,367,3,,,湖北
2020-03-28,67801,0,62565,3182,0,0,,467,5,,,湖北
2020-03-29,67801,0,62882,3186,0,0,,317,4,,,湖北
2020-03-30,67801,0,63153,3187,0,0,,271,1,,,湖北
2020-03-31,67802,0,63326,3193,0,1,,173,6,,,湖北
2020-01-23,53,17,0,0,0,53,,0,0,,,广东
2020-01-24,78,18,2,0,0,25,,2,0,,,广东
2020-01-25,98,40,2,0,0,20,,0,0,,,广东
2020-01-26,146,54,2,0,0,48,,0,0,,,广东
2020-01-27,188,73,2,0,0,42,,0,0,,,广东
2020-01-28,241,122,5,0,0,53,,3,0,,,广东
2020-01-29,311,137,8,0,0,70,,3,0,,,广东
2020-01-30,393,151,11,0,0,82,,3,0,,,广东
2020-01-31,520,126,11,0,0,127,,0,0,,,广东
2020-02-01,604,157,12,0,0,84,,1,0,,,广东
2020-02-02,683,205,15,0,0,79,,3,0,,,广东
2020-02-03,797,180,20,0,0,114,,5,0,,,广东
2020-02-04,870,136,32,0,0,73,,12,0,,,广东
2020-02-05,944,0,49,0,0,74,0.0,17,0,,,广东
2020-02-06,1018,170,68,1,0,74,71.0,19,1,,,广东
2020-02-07,1075,170,97,1,0,57,0.0,29,0,,,广东
2020-02-08,1120,0,125,1,0,45,,28,0,,,广东
2020-02-09,1151,0,143,1,0,31,,18,0,,,广东
2020-02-10,1177,0,181,1,0,26,0.0,38,0,,,广东
2020-02-11,1219,0,241,1,0,42,,60,0,,,广东
2020-02-12,1241,0,284,2,0,22,0.0,43,1,,,广东
2020-02-13,1261,0,332,2,0,20,,48,0,,,广东
2020-02-14,1294,0,386,2,0,33,,54,0,,,广东
2020-02-15,1316,0,436,2,0,22,,50,0,,,广东
2020-02-16,1322,0,473,4,0,6,,37,2,,,广东
2020-02-17,1328,0,530,4,0,6,,57,0,,,广东
2020-02-18,1331,0,571,5,0,3,,41,1,,,广东
2020-02-19,1332,0,619,5,0,1,,48,0,,,广东
2020-02-20,1333,0,664,5,0,1,,45,0,,,广东
2020-02-21,1339,0,720,5,0,6,,56,0,,,广东
2020-02-22,1342,0,740,6,0,3,,20,1,,,广东
2020-02-23,1345,0,772,6,0,3,,32,0,,,广东
2020-02-24,1347,0,805,7,0,2,0.0,33,1,,,广东
2020-02-25,1347,0,841,7,0,0,,36,0,,,广东
2020-02-26,1347,0,873,7,0,0,,32,0,,,广东
2020-02-27,1348,0,919,7,0,1,,46,0,,,广东
2020-02-28,1349,0,972,7,0,1,,53,0,,,广东
2020-02-29,1349,0,1009,7,0,0,,37,0,,,广东
2020-03-01,1350,0,1034,7,0,1,,25,0,,,广东
2020-03-02,1350,0,1081,7,0,0,0.0,47,0,,,广东
2020-03-03,1350,0,1129,7,0,0,,48,0,,,广东
2020-03-04,1350,0,1159,7,0,0,,30,0,,,广东
2020-03-05,1351,0,1209,7,0,1,,50,0,,,广东
2020-03-06,1352,0,1233,7,0,1,,24,0,,,广东
2020-03-07,1352,0,1250,7,0,0,,17,0,,,广东
2020-03-08,1352,0,1260,8,0,0,,10,1,,,广东
2020-03-09,1353,0,1270,8,0,1,,10,0,,,广东
2020-03-10,1353,0,1282,8,0,0,,12,0,,,广东
2020-03-11,1356,0,1288,8,0,3,,6,0,,,广东
2020-03-12,1356,0,1296,8,0,0,,8,0,,,广东
2020-03-13,1356,0,1299,8,0,0,,3,0,,,广东
2020-03-14,1357,0,1303,8,0,1,,4,0,,,广东
2020-03-15,1361,0,1306,8,0,4,,3,0,,,广东
2020-03-16,1364,0,1307,8,0,3,,1,0,,,广东
2020-03-17,1369,0,1312,8,0,5,,5,0,,,广东
2020-03-18,1378,0,1318,8,0,9,0.0,6,0,0.0,,广东
2020-03-19,1392,0,1322,8,0,14,,4,0,,,广东
2020-03-20,1399,0,1325,8,0,7,,3,0,,,广东
2020-03-21,1407,0,1329,8,0,8,,4,0,,,广东
2020-03-22,1413,0,1332,8,0,6,,3,0,,,广东
2020-03-23,1428,0,1333,8,0,15,,1,0,,,广东
2020-03-24,1433,0,1334,8,0,5,,1,0,,,广东
2020-03-25,1444,0,1336,8,0,11,,2,0,,,广东
2020-03-26,1456,0,1337,8,0,12,,1,0,,,广东
2020-03-27,1467,0,1341,8,0,11,,4,0,,,广东
2020-03-28,1475,0,1349,8,0,8,,8,0,,,广东
2020-03-29,1484,0,1351,8,0,9,,2,0,,,广东
2020-03-30,1490,0,1353,8,0,6,,2,0,,,广东
2020-03-31,1501,0,1357,8,0,11,,4,0,,,广东
2020-01-21,1,0,0,0,0,1,,0,0,,,河南
2020-01-22,5,0,0,0,0,4,,0,0,,,河南
2020-01-23,5,0,0,0,0,0,0.0,0,0,,,河南
2020-01-24,5,0,0,0,0,0,0.0,0,0,,,河南
2020-01-25,83,165,0,1,0,78,,0,1,,,河南
2020-01-26,128,212,0,1,0,45,,0,0,,,河南
2020-01-27,168,266,0,1,0,40,,0,0,,,河南
2020-01-28,206,411,1,2,0,38,,1,1,,,河南
2020-01-29,278,584,2,2,0,72,,1,0,,,河南
2020-01-30,352,735,3,2,0,74,,1,0,,,河南
2020-01-31,422,751,3,2,0,70,,0,0,,,河南
2020-02-01,493,754,8,2,0,71,,5,0,,,河南
2020-02-02,566,760,14,2,0,73,,6,0,,,河南
2020-02-03,675,678,20,2,0,109,,6,0,,,河南
2020-02-04,764,693,41,2,0,89,,21,0,,,河南
2020-02-05,851,0,54,3,0,87,0.0,13,1,,,河南
2020-02-06,914,654,68,3,0,63,307.0,14,0,,,河南
2020-02-07,981,654,97,4,0,67,0.0,29,1,,,河南
2020-02-08,1033,0,131,6,0,52,,34,2,,,河南
2020-02-09,1073,0,174,6,0,40,0.0,43,0,,,河南
2020-02-10,1105,0,198,7,0,32,,24,1,,,河南
2020-02-11,1135,0,231,8,0,30,,33,1,,,河南
2020-02-12,1169,0,258,10,0,34,,27,2,,,河南
2020-02-13,1184,0,311,11,0,15,,53,1,,,河南
2020-02-14,1212,0,356,13,0,28,,45,2,,,河南
2020-02-15,1231,0,404,13,0,19,,48,0,,,河南
2020-02-16,1246,0,438,16,0,15,0.0,34,3,,,河南
2020-02-17,1257,0,505,19,0,11,0.0,67,3,,,河南
2020-02-18,1261,0,552,19,0,4,,47,0,,,河南
2020-02-19,1265,0,614,19,0,4,,62,0,,,河南
2020-02-20,1267,0,717,19,0,2,,103,0,,,河南
2020-02-21,1270,0,802,19,0,3,,85,0,,,河南
2020-02-22,1271,0,861,19,0,1,,59,0,,,河南
2020-02-23,1271,0,930,19,0,0,,69,0,,,河南
2020-02-24,1271,0,989,19,0,0,,59,0,,,河南
2020-02-25,1271,0,1023,19,0,0,,34,0,,,河南
2020-02-26,1272,0,1062,20,0,1,,39,1,,,河南
2020-02-27,1272,0,1103,20,0,0,,41,0,,,河南
2020-02-28,1272,0,1161,21,0,0,,58,1,,,河南
2020-02-29,1272,0,1185,22,0,0,,24,1,,,河南
2020-03-01,1272,0,1205,22,0,0,,20,0,,,河南
2020-03-02,1272,0,1223,22,0,0,,18,0,,,河南
2020-03-03,1272,0,1234,22,0,0,,11,0,,,河南
2020-03-04,1272,0,1239,22,0,0,,5,0,,,河南
2020-03-05,1272,0,1241,22,0,0,,2,0,,,河南
2020-03-06,1272,0,1243,22,0,0,,2,0,,,河南
2020-03-07,1272,0,1246,22,0,0,,3,0,,,河南
2020-03-08,1272,0,1247,22,0,0,,1,0,,,河南
2020-03-09,1272,0,1247,22,0,0,,0,0,,,河南
2020-03-10,1272,0,1249,22,0,0,,2,0,,,河南
2020-03-11,1273,0,1249,22,0,1,,0,0,,,河南
2020-03-12,1273,0,1249,22,0,0,,0,0,,,河南
2020-03-13,1273,0,1249,22,0,0,,0,0,,,河南
2020-03-14,1273,0,1250,22,0,0,,1,0,,,河南
2020-03-15,1273,0,1250,22,0,0,,0,0,,,河南
2020-03-16,1273,0,1250,22,0,0,,0,0,,,河南
2020-03-17,1273,0,1250,22,0,0,,0,0,,,河南
2020-03-18,1273,0,1250,22,0,0,,0,0,,,河南
2020-03-19,1273,0,1250,22,0,0,,0,0,,,河南
2020-03-20,1273,0,1250,22,0,0,,0,0,,,河南
2020-03-21,1273,0,1250,22,0,0,,0,0,,,河南
2020-03-22,1274,0,1250,22,0,1,,0,0,,,河南
2020-03-23,1274,0,1250,22,0,0,,0,0,,,河南
2020-03-24,1274,0,1250,22,0,0,,0,0,,,河南
2020-03-25,1275,0,1250,22,0,1,,0,0,,,河南
2020-03-26,1275,0,1250,22,0,0,,0,0,,,河南
2020-03-27,1275,0,1251,22,0,0,,1,0,,,河南
2020-03-28,1276,0,1251,22,0,1,,0,0,,,河南
2020-03-29,1276,0,1251,22,0,0,,0,0,,,河南
2020-03-30,1276,0,1251,22,0,0,,0,0,,,河南
2020-03-31,1276,0,1251,22,0,0,,0,0,,,河南
2020-01-24,62,27,1,0,0,62,,1,0,,,浙江
2020-01-25,104,20,1,0,0,42,,0,0,,,浙江
2020-01-26,128,63,1,0,0,24,,0,0,,,浙江
2020-01-27,173,115,1,0,0,45,,0,0,,,浙江
2020-01-28,296,101,3,0,0,123,,2,0,,,浙江
2020-01-29,428,117,4,0,0,132,,1,0,,,浙江
2020-01-30,537,154,10,0,0,109,,6,0,,,浙江
2020-01-31,599,202,15,0,0,62,,5,0,,,浙江
2020-02-01,661,207,23,0,0,62,,8,0,,,浙江
2020-02-02,724,201,36,0,0,63,,13,0,,,浙江
2020-02-03,829,258,48,0,0,105,,12,0,,,浙江
2020-02-04,895,299,63,0,0,66,,15,0,,,浙江
2020-02-05,954,0,81,0,0,59,0.0,18,0,,,浙江
2020-02-06,1006,422,98,0,0,52,236.0,17,0,,,浙江
2020-02-07,1048,0,127,0,0,42,0.0,29,0,,,浙江
2020-02-08,1063,0,173,0,0,15,,46,0,,,浙江
2020-02-09,1092,0,200,0,0,29,,27,0,,,浙江
2020-02-10,1117,0,251,0,0,25,,51,0,,,浙江
2020-02-11,1131,0,279,0,0,14,,28,0,,,浙江
2020-02-12,1145,0,327,0,0,14,,48,0,,,浙江
2020-02-13,1155,0,367,0,0,10,,40,0,,,浙江
2020-02-14,1162,0,409,0,0,7,,42,0,,,浙江
2020-02-15,1167,0,437,0,0,5,,28,0,,,浙江
2020-02-16,1171,0,470,0,0,4,,33,0,,,浙江
2020-02-17,1172,0,514,0,0,1,,44,0,,,浙江
2020-02-18,1173,0,544,0,0,1,,30,0,,,浙江
2020-02-19,1175,0,609,0,0,2,,65,0,,,浙江
2020-02-20,1203,0,647,1,0,28,,38,1,,,浙江
2020-02-21,1205,0,694,1,0,2,,47,0,,,浙江
2020-02-22,1205,0,729,1,0,0,,35,0,,,浙江
2020-02-23,1205,0,765,1,0,0,0.0,36,0,,,浙江
2020-02-24,1205,0,794,1,0,0,,29,0,,,浙江
2020-02-25,1205,0,814,1,0,0,,20,0,,,浙江
2020-02-26,1205,0,881,1,0,0,,67,0,,,浙江
2020-02-27,1205,0,943,1,0,0,,62,0,,,浙江
2020-02-28,1205,0,987,1,0,0,,44,0,,,浙江
2020-02-29,1205,0,1027,1,0,0,,40,0,,,浙江
2020-03-01,1206,0,1050,1,0,1,,23,0,,,浙江
2020-03-02,1213,0,1086,1,0,7,,36,0,,,浙江
2020-03-03,1213,0,1107,1,0,0,,21,0,,,浙江
2020-03-04,1215,0,1130,1,0,2,,23,0,,,浙江
2020-03-05,1215,0,1153,1,0,0,,23,0,,,浙江
2020-03-06,1215,0,1161,1,0,0,,8,0,,,浙江
2020-03-07,1215,0,1169,1,0,0,,8,0,,,浙江
2020-03-08,1215,0,1182,1,0,0,,13,0,,,浙江
2020-03-09,1215,0,1190,1,0,0,,8,0,,,浙江
2020-03-10,1215,0,1205,1,0,0,,15,0,,,浙江
2020-03-11,1227,0,1209,1,0,12,,4,0,,,浙江
2020-03-12,1227,0,1209,1,0,0,,0,0,,,浙江
2020-03-13,1227,0,1211,1,0,0,,2,0,,,浙江
2020-03-14,1231,0,1211,1,0,4,,0,0,,,浙江
2020-03-15,1231,0,1213,1,0,0,,2,0,,,浙江
2020-03-16,1232,0,1216,1,0,1,0.0,3,0,0.0,,浙江
2020-03-17,1232,0,1216,1,0,0,,0,0,,,浙江
2020-03-18,1233,0,1217,1,0,1,0.0,1,0,0.0,,浙江
2020-03-19,1234,0,1219,1,0,1,,2,0,,,浙江
2020-03-20,1236,0,1219,1,0,2,,0,0,,,浙江
2020-03-21,1237,0,1219,1,0,1,,0,0,,,浙江
2020-03-22,1238,0,1221,1,0,1,,2,0,,,浙江
2020-03-23,1240,0,1221,1,0,2,,0,0,,,浙江
2020-03-24,1241,0,1221,1,0,1,,0,0,,,浙江
2020-03-25,1243,0,1222,1,0,2,,1,0,,,浙江
2020-03-26,1247,0,1222,1,0,4,,0,0,,,浙江
2020-03-27,1251,0,1225,1,0,4,,3,0,,,浙江
2020-03-28,1254,0,1225,1,0,3,,0,0,,,浙江
2020-03-29,1255,0,1225,1,0,1,,0,0,,,浙江
2020-03-30,1257,0,1226,1,0,2,,1,0,,,浙江
2020-03-31,1257,0,1226,1,0,0,0.0,0,0,0.0,,浙江
2020-01-22,4,10,0,0,0,4,,0,0,,,湖南
2020-01-23,9,25,0,0,0,5,,0,0,,,湖南
2020-01-24,24,35,0,0,0,15,,0,0,,,湖南
2020-01-25,69,25,0,0,0,45,,0,0,,,湖南
2020-01-26,100,42,0,0,0,31,,0,0,,,湖南
2020-01-27,143,52,0,0,0,43,,0,0,,,湖南
2020-01-28,221,85,0,0,0,78,,0,0,,,湖南
2020-01-29,277,223,0,0,0,56,,0,0,,,湖南
2020-01-30,332,303,2,0,0,55,,2,0,,,湖南
2020-01-31,389,426,3,0,0,57,,1,0,,,湖南
2020-02-01,463,434,8,0,0,74,,5,0,,,湖南
2020-02-02,521,351,16,0,0,58,,8,0,,,湖南
2020-02-03,593,289,22,0,0,72,,6,0,,,湖南
2020-02-04,661,211,35,0,0,68,,13,0,,,湖南
2020-02-05,711,0,56,0,0,50,0.0,21,0,,,湖南
2020-02-06,772,183,91,0,0,61,122.0,35,0,,,湖南
2020-02-07,803,183,119,0,0,31,0.0,28,0,,,湖南
2020-02-08,838,0,159,1,0,35,,40,1,,,湖南
2020-02-09,879,0,186,1,0,41,,27,0,,,湖南
2020-02-10,912,0,213,1,0,33,,27,0,,,湖南
2020-02-11,946,0,263,2,0,34,,50,1,,,湖南
2020-02-12,968,0,312,2,0,22,,49,0,,,湖南
2020-02-13,988,0,352,2,0,20,,40,0,,,湖南
2020-02-14,1001,0,389,2,0,13,,37,0,,,湖南
2020-02-15,1004,0,430,3,0,3,,41,1,,,湖南
2020-02-16,1006,0,467,3,0,2,,37,0,,,湖南
2020-02-17,1007,0,501,4,0,1,,34,1,,,湖南
2020-02-18,1008,0,542,4,0,1,,41,0,,,湖南
2020-02-19,1010,0,578,4,0,2,,36,0,,,湖南
2020-02-20,1011,0,638,4,0,1,,60,0,,,湖南
2020-02-21,1013,0,669,4,0,2,,31,0,,,湖南
2020-02-22,1016,0,704,4,0,3,,35,0,,,湖南
2020-02-23,1016,0,721,4,0,0,,17,0,,,湖南
2020-02-24,1016,0,751,4,0,0,,30,0,,,湖南
2020-02-25,1016,0,779,4,0,0,,28,0,,,湖南
2020-02-26,1017,0,793,4,0,1,,14,0,,,湖南
2020-02-27,1017,0,820,4,0,0,,27,0,,,湖南
2020-02-28,1018,0,841,4,0,1,,21,0,,,湖南
2020-02-29,1018,0,853,4,0,0,,12,0,,,湖南
2020-03-01,1018,0,876,4,0,0,,23,0,,,湖南
2020-03-02,1018,0,892,4,0,0,,16,0,,,湖南
2020-03-03,1018,0,913,4,0,0,,21,0,,,湖南
2020-03-04,1018,0,933,4,0,0,,20,0,,,湖南
2020-03-05,1018,0,946,4,0,0,,13,0,,,湖南
2020-03-06,1018,0,959,4,0,0,,13,0,,,湖南
2020-03-07,1018,0,965,4,0,0,,6,0,,,湖南
2020-03-08,1018,0,979,4,0,0,,14,0,,,湖南
2020-03-09,1018,0,988,4,0,0,,9,0,,,湖南
2020-03-10,1018,0,995,4,0,0,,7,0,,,湖南
2020-03-11,1018,0,998,4,0,0,,3,0,,,湖南
2020-03-12,1018,0,1004,4,0,0,,6,0,,,湖南
2020-03-13,1018,0,1009,4,0,0,,5,0,,,湖南
2020-03-14,1018,0,1014,4,0,0,0.0,5,0,0.0,,湖南
2020-03-15,1018,0,1014,4,0,0,,0,0,,,湖南
2020-03-16,1018,0,1014,4,0,0,,0,0,,,湖南
2020-03-17,1018,0,1014,4,0,0,,0,0,,,湖南
2020-03-18,1018,0,1014,4,0,0,,0,0,,,湖南
2020-03-19,1018,0,1014,4,0,0,,0,0,,,湖南
2020-03-20,1018,0,1014,4,0,0,,0,0,,,湖南
2020-03-21,1018,0,1014,4,0,0,,0,0,,,湖南
2020-03-22,1018,0,1014,4,0,0,,0,0,,,湖南
2020-03-23,1018,0,1014,4,0,0,,0,0,,,湖南
2020-03-24,1018,0,1014,4,0,0,,0,0,,,湖南
2020-03-25,1018,0,1014,4,0,0,,0,0,,,湖南
2020-03-26,1018,0,1014,4,0,0,,0,0,,,湖南
2020-03-27,1018,0,1014,4,0,0,,0,0,,,湖南
2020-03-28,1018,0,1014,4,0,0,,0,0,,,湖南
2020-03-29,1018,0,1014,4,0,0,,0,0,,,湖南
2020-03-30,1018,0,1014,4,0,0,,0,0,,,湖南
2020-03-31,1018,0,1014,4,0,0,,0,0,,,湖南
2020-01-22,1,8,0,0,0,1,,0,0,,,安徽
2020-01-23,15,14,0,0,0,14,,0,0,,,安徽
2020-01-24,39,20,0,0,0,24,,0,0,,,安徽
2020-01-25,60,15,0,0,0,21,,0,0,,,安徽
2020-01-26,70,43,0,0,0,10,,0,0,,,安徽
2020-01-27,106,42,0,0,0,36,,0,0,,,安徽
2020-01-28,152,55,2,0,0,46,,2,0,,,安徽
2020-01-29,200,67,2,0,0,48,,0,0,,,安徽
2020-01-30,237,98,3,0,0,37,,1,0,,,安徽
2020-01-31,297,117,3,0,0,60,,0,0,,,安徽
2020-02-01,340,160,6,0,0,43,,3,0,,,安徽
2020-02-02,408,153,7,0,0,68,,1,0,,,安徽
2020-02-03,480,124,14,0,0,72,,7,0,,,安徽
2020-02-04,530,130,20,0,0,50,,6,0,,,安徽
2020-02-05,591,0,23,0,0,61,0.0,3,0,,,安徽
2020-02-06,665,141,34,0,0,74,78.0,11,0,,,安徽
2020-02-07,733,141,47,0,0,68,0.0,13,0,,,安徽
2020-02-08,779,0,59,1,0,46,,12,1,,,安徽
2020-02-09,830,0,73,3,0,51,,14,2,,,安徽
2020-02-10,860,0,88,4,0,30,,15,1,,,安徽
2020-02-11,889,0,108,4,0,29,,20,0,,,安徽
2020-02-12,910,0,128,5,0,21,,20,1,,,安徽
2020-02-13,934,0,166,6,0,24,,38,1,,,安徽
2020-02-14,950,0,198,6,0,16,,32,0,,,安徽
2020-02-15,962,0,232,6,0,12,,34,0,,,安徽
2020-02-16,973,0,266,6,0,11,,34,0,,,安徽
2020-02-17,982,0,293,6,0,9,,27,0,,,安徽
2020-02-18,986,0,361,6,0,4,,68,0,,,安徽
2020-02-19,987,0,424,6,0,1,,63,0,,,安徽
2020-02-20,988,0,500,6,0,1,,76,0,,,安徽
2020-02-21,989,0,567,6,0,1,,67,0,,,安徽
2020-02-22,989,0,620,6,0,0,,53,0,,,安徽
2020-02-23,989,0,648,6,0,0,,28,0,,,安徽
2020-02-24,989,0,692,6,0,0,,44,0,,,安徽
2020-02-25,989,0,727,6,0,0,,35,0,,,安徽
2020-02-26,989,0,764,6,0,0,,37,0,,,安徽
2020-02-27,990,0,814,6,0,1,,50,0,,,安徽
2020-02-28,990,0,842,6,0,0,,28,0,,,安徽
2020-02-29,990,0,868,6,0,0,,26,0,,,安徽
2020-03-01,990,0,888,6,0,0,,20,0,,,安徽
2020-03-02,990,0,917,6,0,0,,29,0,,,安徽
2020-03-03,990,0,941,6,0,0,,24,0,,,安徽
2020-03-04,990,0,956,6,0,0,,15,0,,,安徽
2020-03-05,990,0,970,6,0,0,,14,0,,,安徽
2020-03-06,990,0,979,6,0,0,,9,0,,,安徽
2020-03-07,990,0,981,6,0,0,,2,0,,,安徽
2020-03-08,990,0,984,6,0,0,,3,0,,,安徽
2020-03-09,990,0,984,6,0,0,,0,0,,,安徽
2020-03-10,990,0,984,6,0,0,,0,0,,,安徽
2020-03-11,990,0,984,6,0,0,,0,0,,,安徽
2020-03-12,990,0,984,6,0,0,,0,0,,,安徽
2020-03-13,990,0,984,6,0,0,,0,0,,,安徽
2020-03-14,990,0,984,6,0,0,,0,0,,,安徽
2020-03-15,990,0,984,6,0,0,,0,0,,,安徽
2020-03-16,990,0,984,6,0,0,,0,0,,,安徽
2020-03-17,990,0,984,6,0,0,,0,0,,,安徽
2020-03-18,990,0,984,6,0,0,0.0,0,0,0.0,,安徽
2020-03-19,990,0,984,6,0,0,,0,0,,,安徽
2020-03-20,990,0,984,6,0,0,,0,0,,,安徽
2020-03-21,990,0,984,6,0,0,,0,0,,,安徽
2020-03-22,990,0,984,6,0,0,,0,0,,,安徽
2020-03-23,990,0,984,6,0,0,,0,0,,,安徽
2020-03-24,990,0,984,6,0,0,,0,0,,,安徽
2020-03-25,990,0,984,6,0,0,,0,0,,,安徽
2020-03-26,990,0,984,6,0,0,,0,0,,,安徽
2020-03-27,990,0,984,6,0,0,,0,0,,,安徽
2020-03-28,990,0,984,6,0,0,,0,0,,,安徽
2020-03-29,990,0,984,6,0,0,,0,0,,,安徽
2020-03-30,990,0,984,6,0,0,,0,0,,,安徽
2020-01-23,7,17,0,0,0,7,,0,0,,,江西
2020-01-24,18,38,0,0,0,11,,0,0,,,江西
2020-01-25,36,30,0,0,0,18,,0,0,,,江西
2020-01-26,48,68,0,0,0,12,,0,0,,,江西
2020-01-27,72,88,0,0,0,24,,0,0,,,江西
2020-01-28,109,107,2,0,0,37,,2,0,,,江西
2020-01-29,162,123,3,0,0,53,,1,0,,,江西
2020-01-30,240,197,7,0,0,78,,4,0,,,江西
2020-01-31,286,260,9,0,0,46,,2,0,,,江西
2020-02-01,333,312,10,0,0,47,,1,0,,,江西
2020-02-02,391,359,18,0,0,58,,8,0,,,江西
2020-02-03,476,319,19,0,0,85,,1,0,,,江西
2020-02-04,548,343,27,0,0,72,,8,0,,,江西
2020-02-05,600,0,37,0,0,52,0.0,10,0,,,江西
2020-02-06,661,249,45,0,0,61,48.0,8,0,,,江西
2020-02-07,698,249,55,0,0,37,0.0,10,0,,,江西
2020-02-08,739,0,72,0,0,41,,17,0,,,江西
2020-02-09,772,0,102,1,0,33,,30,1,,,江西
2020-02-10,804,0,127,1,0,32,0.0,25,0,,,江西
2020-02-11,844,0,152,1,0,40,,25,0,,,江西
2020-02-12,872,0,170,1,0,28,,18,0,,,江西
2020-02-13,900,0,187,1,0,28,,17,0,,,江西
2020-02-14,912,0,210,1,0,12,0.0,23,0,,,江西
2020-02-15,925,0,239,1,0,13,,29,0,,,江西
2020-02-16,930,0,275,1,0,5,,36,0,,,江西
2020-02-17,933,0,310,1,0,3,,35,0,,,江西
2020-02-18,933,0,362,1,0,0,,52,0,,,江西
2020-02-19,934,0,432,1,0,1,,70,0,,,江西
2020-02-20,934,0,489,1,0,0,,57,0,,,江西
2020-02-21,934,0,544,1,0,0,,55,0,,,江西
2020-02-22,934,0,611,1,0,0,,67,0,,,江西
2020-02-23,934,0,645,1,0,0,,34,0,,,江西
2020-02-24,934,0,682,1,0,0,,37,0,,,江西
2020-02-25,934,0,719,1,0,0,,37,0,,,江西
2020-02-26,934,0,754,1,0,0,,35,0,,,江西
2020-02-27,935,0,790,1,0,1,,36,0,,,江西
2020-02-28,935,0,811,1,0,0,,21,0,,,江西
2020-02-29,935,0,831,1,0,0,,20,0,,,江西
2020-03-01,935,0,850,1,0,0,,19,0,,,江西
2020-03-02,935,0,870,1,0,0,,20,0,,,江西
2020-03-03,935,0,884,1,0,0,,14,0,,,江西
2020-03-04,935,0,901,1,0,0,,17,0,,,江西
2020-03-05,935,0,908,1,0,0,,7,0,,,江西
2020-03-06,935,0,916,1,0,0,,8,0,,,江西
2020-03-07,935,0,918,1,0,0,,2,0,,,江西
2020-03-08,935,0,923,1,0,0,,5,0,,,江西
2020-03-09,935,0,927,1,0,0,,4,0,,,江西
2020-03-10,935,0,932,1,0,0,,5,0,,,江西
2020-03-11,935,0,934,1,0,0,,2,0,,,江西
2020-03-12,935,0,934,1,0,0,,0,0,,,江西
2020-03-13,935,0,934,1,0,0,,0,0,,,江西
2020-03-14,935,0,934,1,0,0,,0,0,,,江西
2020-03-15,935,0,934,1,0,0,,0,0,,,江西
2020-03-16,935,0,934,1,0,0,,0,0,,,江西
2020-03-17,935,0,934,1,0,0,,0,0,,,江西
2020-03-18,935,0,934,1,0,0,,0,0,,,江西
2020-03-19,935,0,934,1,0,0,,0,0,,,江西
2020-03-20,935,0,934,1,0,0,,0,0,,,江西
2020-03-21,936,0,934,1,0,1,,0,0,,,江西
2020-03-22,936,0,934,1,0,0,,0,0,,,江西
2020-03-23,936,0,934,1,0,0,,0,0,,,江西
2020-03-24,936,0,934,1,0,0,,0,0,,,江西
2020-03-25,936,0,934,1,0,0,,0,0,,,江西
2020-03-26,936,0,934,1,0,0,,0,0,,,江西
2020-03-27,936,0,934,1,0,0,,0,0,,,江西
2020-03-28,937,0,934,1,0,1,,0,0,,,江西
2020-03-29,937,0,935,1,0,0,,1,0,,,江西
2020-03-30,937,0,935,1,0,0,,0,0,,,江西
2020-03-31,937,0,935,1,0,0,,0,0,,,江西
2020-01-22,2,5,0,0,0,2,,0,0,,,山东
2020-01-23,9,9,0,0,0,7,,0,0,,,山东
2020-01-24,21,11,0,0,0,12,,0,0,,,山东
2020-01-25,39,11,0,0,0,18,,0,0,,,山东
2020-01-26,61,35,0,0,0,22,,0,0,,,山东
2020-01-27,87,42,0,0,0,26,,0,0,,,山东
2020-01-28,121,55,1,0,0,34,,1,0,,,山东
2020-01-29,145,79,1,0,0,24,,0,0,,,山东
2020-01-30,178,90,2,0,0,33,,1,0,,,山东
2020-01-31,202,83,2,0,0,24,,0,0,,,山东
2020-02-01,225,81,5,0,0,23,,3,0,,,山东
2020-02-02,246,62,6,0,0,21,,1,0,,,山东
2020-02-03,270,70,7,0,0,24,,1,0,,,山东
2020-02-04,298,94,13,0,0,28,,6,0,,,山东
2020-02-05,343,0,18,0,0,45,0.0,5,0,,,山东
2020-02-06,379,96,31,0,0,36,48.0,13,0,,,山东
2020-02-07,407,96,38,0,0,28,0.0,7,0,,,山东
2020-02-08,435,0,50,1,0,28,,12,1,,,山东
2020-02-09,459,0,63,1,0,24,,13,0,,,山东
2020-02-10,486,0,71,1,0,27,,8,0,,,山东
2020-02-11,497,0,80,1,0,11,,9,0,,,山东
2020-02-12,506,0,98,2,0,9,0.0,18,1,,,山东
2020-02-13,519,0,111,2,0,13,,13,0,,,山东
2020-02-14,530,0,139,2,0,11,,28,0,,,山东
2020-02-15,537,0,164,2,0,7,,25,0,,,山东
2020-02-16,541,0,175,2,0,4,,11,0,,,山东
2020-02-17,543,0,193,2,0,2,,18,0,,,山东
2020-02-18,544,0,215,3,0,1,,22,1,,,山东
2020-02-19,546,0,238,4,0,2,,23,1,,,山东
2020-02-20,748,0,270,4,0,202,,32,0,,,山东
2020-02-21,750,0,293,4,0,2,,23,0,,,山东
2020-02-22,754,0,311,4,0,4,,18,0,,,山东
2020-02-23,755,0,327,4,0,1,,16,0,,,山东
2020-02-24,755,0,343,6,0,0,,16,2,,,山东
2020-02-25,756,0,357,6,0,1,,14,0,,,山东
2020-02-26,756,0,381,6,0,0,,24,0,,,山东
2020-02-27,756,0,390,6,0,0,,9,0,,,山东
2020-02-28,756,0,411,6,0,0,,21,0,,,山东
2020-02-29,756,0,431,6,0,0,,20,0,,,山东
2020-03-01,758,0,455,6,0,2,,24,0,,,山东
2020-03-02,758,0,497,6,0,0,,42,0,,,山东
2020-03-03,758,0,511,6,0,0,,14,0,,,山东
2020-03-04,758,0,576,6,0,0,,65,0,,,山东
2020-03-05,758,0,602,6,0,0,,26,0,,,山东
2020-03-06,758,0,625,6,0,0,,23,0,,,山东
2020-03-07,758,0,637,6,0,0,,12,0,,,山东
2020-03-08,758,0,647,6,0,0,,10,0,,,山东
2020-03-09,758,0,703,6,0,0,,56,0,,,山东
2020-03-10,759,0,721,6,0,1,,18,0,,,山东
2020-03-11,760,0,733,6,0,1,,12,0,,,山东
2020-03-12,760,0,739,7,0,0,,6,1,,,山东
2020-03-13,760,0,740,7,0,0,,1,0,,,山东
2020-03-14,760,0,741,7,0,0,,1,0,,,山东
2020-03-15,760,0,743,7,0,0,,2,0,,,山东
2020-03-16,761,0,746,7,0,1,,3,0,,,山东
2020-03-17,761,0,746,7,0,0,,0,0,,,山东
2020-03-18,761,0,747,7,0,0,,1,0,,,山东
2020-03-19,762,0,748,7,0,1,,1,0,,,山东
2020-03-20,764,0,749,7,0,2,,1,0,,,山东
2020-03-21,765,0,750,7,0,1,,1,0,,,山东
2020-03-22,767,0,751,7,0,2,,1,0,,,山东
2020-03-23,768,0,752,7,0,1,,1,0,,,山东
2020-03-24,769,0,752,7,0,1,,0,0,,,山东
2020-03-25,769,0,752,7,0,0,,0,0,,,山东
2020-03-26,771,0,752,7,0,2,,0,0,,,山东
2020-03-27,772,0,752,7,0,1,,0,0,,,山东
2020-03-28,772,0,752,7,0,0,,0,0,,,山东
2020-03-29,773,0,753,7,0,1,,1,0,,,山东
2020-03-30,774,0,753,7,0,1,,0,0,,,山东
2020-03-31,774,0,753,7,0,0,,0,0,,,山东
2020-01-21,1,0,0,0,0,1,,0,0,,,香港
2020-01-22,1,0,0,0,0,0,,0,0,,,香港
2020-01-23,2,0,0,0,0,1,,0,0,,,香港
2020-01-24,5,0,0,0,0,3,,0,0,,,香港
2020-01-25,5,0,0,0,0,0,,0,0,,,香港
2020-01-26,8,0,0,0,0,3,,0,0,,,香港
2020-01-27,8,0,0,0,0,0,,0,0,,,香港
2020-01-28,8,0,0,0,0,0,,0,0,,,香港
2020-01-29,10,0,0,0,0,2,,0,0,,,香港
2020-01-30,12,0,0,0,0,2,,0,0,,,香港
2020-01-31,13,0,0,0,0,1,,0,0,,,香港
2020-02-01,14,0,0,0,0,1,,0,0,,,香港
2020-02-02,15,0,0,0,0,1,,0,0,,,香港
2020-02-03,15,0,0,0,0,0,,0,0,,,香港
2020-02-04,18,0,0,1,0,3,,0,1,,,香港
2020-02-05,21,0,0,1,0,3,0.0,0,0,,,香港
2020-02-06,24,0,0,1,0,3,0.0,0,0,,,香港
2020-02-07,26,0,0,1,0,2,0.0,0,0,,,香港
2020-02-08,26,0,0,1,0,0,0.0,0,0,,,香港
2020-02-09,36,0,0,1,0,10,0.0,0,0,,,香港
2020-02-10,42,0,0,1,0,6,0.0,0,0,,,香港
2020-02-11,49,0,0,1,0,7,0.0,0,0,,,香港
2020-02-12,50,0,1,1,0,1,0.0,1,0,,,香港
2020-02-13,53,0,1,1,0,3,0.0,0,0,,,香港
2020-02-14,56,0,1,1,0,3,0.0,0,0,,,香港
2020-02-15,56,0,1,1,0,0,0.0,0,0,,,香港
2020-02-16,57,0,2,1,0,1,0.0,1,0,,,香港
2020-02-17,60,0,2,1,0,3,0.0,0,0,,,香港
2020-02-18,62,0,4,1,0,2,0.0,2,0,,,香港
2020-02-19,65,0,5,2,0,3,0.0,1,1,,,香港
2020-02-20,68,0,5,2,0,3,0.0,0,0,,,香港
2020-02-21,68,0,6,2,0,0,0.0,1,0,,,香港
2020-02-22,69,0,11,2,0,1,0.0,5,0,,,香港
2020-02-23,74,0,12,2,0,5,0.0,1,0,,,香港
2020-02-24,81,0,18,2,0,7,0.0,6,0,,,香港
2020-02-25,85,0,18,2,0,4,0.0,0,0,,,香港
2020-02-26,91,0,24,2,0,6,0.0,6,0,,,香港
2020-02-27,93,0,26,2,0,2,0.0,2,0,,,香港
2020-02-28,94,0,30,2,0,1,0.0,4,0,,,香港
2020-02-29,95,0,33,2,0,1,0.0,3,0,,,香港
2020-03-01,98,0,36,2,0,3,0.0,3,0,,,香港
2020-03-02,100,0,36,2,0,2,0.0,0,0,0.0,,香港
2020-03-03,100,0,37,2,0,0,0.0,1,0,0.0,,香港
2020-03-04,104,0,43,2,0,4,0.0,6,0,0.0,,香港
2020-03-05,104,0,46,2,0,0,0.0,3,0,0.0,,香港
2020-03-06,107,0,51,2,0,3,0.0,5,0,0.0,,香港
2020-03-07,109,0,55,2,0,2,0.0,4,0,0.0,,香港
2020-03-08,114,0,59,3,0,5,0.0,4,1,0.0,,香港
2020-03-09,115,0,60,3,0,1,0.0,1,0,0.0,,香港
2020-03-10,120,0,65,3,0,5,0.0,5,0,0.0,,香港
2020-03-11,129,0,67,3,0,9,0.0,2,0,0.0,,香港
2020-03-12,131,0,75,3,0,2,0.0,8,0,0.0,,香港
2020-03-13,137,0,78,4,0,6,0.0,3,1,0.0,,香港
2020-03-14,141,0,81,4,0,4,0.0,3,0,0.0,,香港
2020-03-15,148,0,84,4,0,7,0.0,3,0,0.0,,香港
2020-03-16,157,0,88,4,0,9,0.0,4,0,0.0,,香港
2020-03-17,167,0,92,4,0,10,0.0,4,0,0.0,,香港
2020-03-18,192,0,95,4,0,25,0.0,3,0,0.0,,香港
2020-03-19,208,0,98,4,0,16,0.0,3,0,0.0,,香港
2020-03-20,256,0,98,4,0,48,0.0,0,0,0.0,,香港
2020-03-21,273,0,100,4,0,17,0.0,2,0,0.0,,香港
2020-03-22,317,0,100,4,0,44,0.0,0,0,0.0,,香港
2020-03-23,356,0,101,4,0,39,0.0,1,0,0.0,,香港
2020-03-24,386,0,102,4,0,30,0.0,1,0,0.0,,香港
2020-03-25,410,0,106,4,0,24,0.0,4,0,0.0,,香港
2020-03-26,453,0,110,4,0,43,0.0,4,0,0.0,,香港
2020-03-27,518,0,111,4,0,65,0.0,1,0,0.0,,香港
2020-03-28,582,0,112,4,0,64,0.0,1,0,0.0,,香港
2020-03-29,641,0,118,4,0,59,0.0,6,0,0.0,,香港
2020-03-30,682,0,124,4,0,41,0.0,6,0,0.0,,香港
2020-03-31,714,0,128,4,0,32,0.0,4,0,0.0,,香港
2020-01-22,1,0,0,0,0,1,,0,0,,,江苏
2020-01-23,5,0,0,0,0,4,,0,0,,,江苏
2020-01-24,14,0,0,0,0,9,,0,0,,,江苏
2020-01-25,31,0,1,0,0,17,,1,0,,,江苏
2020-01-26,47,0,1,0,0,16,,0,0,,,江苏
2020-01-27,70,0,1,0,0,23,,0,0,,,江苏
2020-01-28,99,0,1,0,0,29,,0,0,,,江苏
2020-01-29,129,0,1,0,0,30,,0,0,,,江苏
2020-01-30,168,0,2,0,0,39,,1,0,,,江苏
2020-01-31,202,42,5,0,0,34,,3,0,,,江苏
2020-02-01,236,47,6,0,0,34,,1,0,,,江苏
2020-02-02,271,44,7,0,0,35,,1,0,,,江苏
2020-02-03,308,47,8,0,0,37,,1,0,,,江苏
2020-02-04,341,43,13,0,0,33,,5,0,,,江苏
2020-02-05,373,0,26,0,0,32,0.0,13,0,,,江苏
2020-02-06,408,59,38,0,0,35,34.0,12,0,,,江苏
2020-02-07,439,59,43,0,0,31,0.0,5,0,,,江苏
2020-02-08,468,0,51,0,0,29,,8,0,,,江苏
2020-02-09,492,0,72,0,0,24,,21,0,,,江苏
2020-02-10,515,0,84,0,0,23,,12,0,,,江苏
2020-02-11,543,0,94,0,0,28,,10,0,,,江苏
2020-02-12,570,0,131,0,0,27,,37,0,,,江苏
2020-02-13,593,0,137,0,0,23,,6,0,,,江苏
2020-02-14,604,0,160,0,0,11,,23,0,,,江苏
2020-02-15,617,0,190,0,0,13,,30,0,,,江苏
2020-02-16,626,0,226,0,0,9,,36,0,,,江苏
2020-02-17,629,0,263,0,0,3,,37,0,,,江苏
2020-02-18,631,0,296,0,0,2,,33,0,,,江苏
2020-02-19,631,0,325,0,0,0,,29,0,,,江苏
2020-02-20,631,0,352,0,0,0,,27,0,,,江苏
2020-02-21,631,0,387,0,0,0,,35,0,,,江苏
2020-02-22,631,0,411,0,0,0,,24,0,,,江苏
2020-02-23,631,0,427,0,0,0,,16,0,,,江苏
2020-02-24,631,0,458,0,0,0,,31,0,,,江苏
2020-02-25,631,0,463,0,0,0,,5,0,,,江苏
2020-02-26,631,0,494,0,0,0,,31,0,,,江苏
2020-02-27,631,0,506,0,0,0,,12,0,,,江苏
2020-02-28,631,0,519,0,0,0,,13,0,,,江苏
2020-02-29,631,0,529,0,0,0,,10,0,,,江苏
2020-03-01,631,0,536,0,0,0,,7,0,,,江苏
2020-03-02,631,0,555,0,0,0,,19,0,,,江苏
2020-03-03,631,0,565,0,0,0,,10,0,,,江苏
2020-03-04,631,0,580,0,0,0,,15,0,,,江苏
2020-03-05,631,0,588,0,0,0,,8,0,,,江苏
2020-03-06,631,0,601,0,0,0,,13,0,,,江苏
2020-03-07,631,0,610,0,0,0,,9,0,,,江苏
2020-03-08,631,0,618,0,0,0,,8,0,,,江苏
2020-03-09,631,0,622,0,0,0,,4,0,,,江苏
2020-03-10,631,0,627,0,0,0,,5,0,,,江苏
2020-03-11,631,0,628,0,0,0,,1,0,,,江苏
2020-03-12,631,0,630,0,0,0,,2,0,,,江苏
2020-03-13,631,0,630,0,0,0,,0,0,,,江苏
2020-03-14,631,0,631,0,0,0,,1,0,,,江苏
2020-03-15,631,0,631,0,0,0,,0,0,,,江苏
2020-03-16,631,0,631,0,0,0,,0,0,,,江苏
2020-03-17,631,0,631,0,0,0,,0,0,,,江苏
2020-03-18,631,0,631,0,0,0,,0,0,,,江苏
2020-03-19,631,0,631,0,0,0,,0,0,,,江苏
2020-03-20,631,0,631,0,0,0,,0,0,,,江苏
2020-03-21,633,0,631,0,0,2,,0,0,,,江苏
2020-03-22,633,0,631,0,0,0,,0,0,,,江苏
2020-03-23,636,0,631,0,0,3,,0,0,,,江苏
2020-03-24,638,0,631,0,0,2,,0,0,,,江苏
2020-03-25,640,0,631,0,0,2,,0,0,,,江苏
2020-03-26,641,0,631,0,0,1,,0,0,,,江苏
2020-03-27,641,0,631,0,0,0,,0,0,,,江苏
2020-03-28,644,0,631,0,0,3,,0,0,,,江苏
2020-03-29,645,0,631,0,0,1,,0,0,,,江苏
2020-03-30,646,0,631,0,0,1,,0,0,,,江苏
2020-03-31,646,0,631,0,0,0,,0,0,,,江苏
2020-01-21,10,0,0,0,0,10,,0,0,,,北京
2020-01-22,14,0,0,0,0,4,,0,0,,,北京
2020-01-23,26,0,0,0,0,12,,0,0,,,北京
2020-01-24,36,0,0,0,0,10,,0,0,,,北京
2020-01-25,51,0,0,0,0,15,,0,0,,,北京
2020-01-26,67,0,1,0,0,16,,1,0,,,北京
2020-01-27,80,0,1,1,0,13,,0,1,,,北京
2020-01-28,96,0,4,1,0,16,,3,0,,,北京
2020-01-29,112,0,4,1,0,16,,0,0,,,北京
2020-01-30,132,0,5,1,0,20,,1,0,,,北京
2020-01-31,156,0,9,1,0,24,,4,0,,,北京
2020-02-01,183,0,9,1,0,27,,0,0,,,北京
2020-02-02,212,0,12,1,0,29,,3,0,,,北京
2020-02-03,228,141,23,1,0,16,,11,0,,,北京
2020-02-04,253,160,24,1,0,25,,1,0,,,北京
2020-02-05,274,0,31,1,0,21,0.0,7,0,,,北京
2020-02-06,297,157,33,1,0,23,51.0,2,0,,,北京
2020-02-07,315,0,33,2,0,18,0.0,0,1,,,北京
2020-02-08,326,0,37,2,0,11,0.0,4,0,,,北京
2020-02-09,337,0,44,2,0,11,,7,0,,,北京
2020-02-10,342,0,48,3,0,5,,4,1,,,北京
2020-02-11,352,0,56,3,0,10,,8,0,,,北京
2020-02-12,366,0,68,3,0,14,0.0,12,0,,,北京
2020-02-13,372,0,79,3,0,6,,11,0,,,北京
2020-02-14,375,0,97,4,0,3,,18,1,,,北京
2020-02-15,380,0,105,4,0,5,,8,0,,,北京
2020-02-16,381,0,114,4,0,1,,9,0,,,北京
2020-02-17,387,0,122,4,0,6,,8,0,,,北京
2020-02-18,393,0,145,4,0,6,,23,0,,,北京
2020-02-19,395,0,153,4,0,2,,8,0,,,北京
2020-02-20,396,0,169,4,0,1,,16,0,,,北京
2020-02-21,399,0,178,4,0,3,,9,0,,,北京
2020-02-22,399,0,189,4,0,0,,11,0,,,北京
2020-02-23,399,0,198,4,0,0,,9,0,,,北京
2020-02-24,400,0,215,4,0,1,,17,0,,,北京
2020-02-25,400,0,235,4,0,0,,20,0,,,北京
2020-02-26,410,0,248,5,0,10,,13,1,,,北京
2020-02-27,410,0,257,7,0,0,,9,2,,,北京
2020-02-28,411,0,271,8,0,1,,14,1,,,北京
2020-02-29,413,0,276,8,0,2,,5,0,,,北京
2020-03-01,414,0,282,8,0,1,0.0,6,0,,,北京
2020-03-02,414,0,288,8,0,0,,6,0,,,北京
2020-03-03,417,0,294,8,0,3,,6,0,,,北京
2020-03-04,418,0,297,8,0,1,,3,0,,,北京
2020-03-05,422,0,298,8,0,4,,1,0,,,北京
2020-03-06,426,0,303,8,0,4,,5,0,,,北京
2020-03-07,428,0,308,8,0,2,,5,0,,,北京
2020-03-08,428,0,315,8,0,0,,7,0,,,北京
2020-03-09,429,0,320,8,0,1,,5,0,,,北京
2020-03-10,435,0,326,8,0,6,,6,0,,,北京
2020-03-11,435,0,334,8,0,0,,8,0,,,北京
2020-03-12,436,0,342,8,0,1,,8,0,,,北京
2020-03-13,437,0,349,8,0,1,,7,0,,,北京
2020-03-14,442,0,353,8,0,5,,4,0,,,北京
2020-03-15,446,0,358,8,0,4,,5,0,,,北京
2020-03-16,455,0,368,8,0,9,,10,0,,,北京
2020-03-17,458,0,373,8,0,3,,5,0,,,北京
2020-03-18,479,0,379,8,0,21,,6,0,,,北京
2020-03-19,485,0,384,8,0,6,,5,0,,,北京
2020-03-20,499,0,392,8,0,14,,8,0,,,北京
2020-03-21,512,0,398,8,0,13,,6,0,,,北京
2020-03-22,522,0,400,8,0,10,,2,0,,,北京
2020-03-23,554,0,401,8,0,32,,1,0,,,北京
2020-03-24,559,0,401,8,0,5,,0,0,,,北京
2020-03-25,565,0,403,8,0,6,,2,0,,,北京
2020-03-26,569,0,406,8,0,4,,3,0,,,北京
2020-03-27,572,0,409,8,0,3,,3,0,,,北京
2020-03-28,576,0,411,8,0,4,,2,0,,,北京
2020-03-29,577,0,412,8,0,1,,1,0,,,北京
2020-03-30,580,0,416,8,0,3,0.0,4,0,0.0,,北京
2020-03-31,580,0,418,8,0,0,,2,0,,,北京
2020-04-01,580,0,418,8,0,0,,0,0,,,北京
2020-01-21,5,0,0,0,0,5,,0,0,,,重庆
2020-01-22,9,13,0,0,0,4,,0,0,,,重庆
2020-01-23,27,71,0,0,0,18,,0,0,,,重庆
2020-01-24,57,86,0,0,0,30,,0,0,,,重庆
2020-01-25,75,146,0,0,0,18,,0,0,,,重庆
2020-01-26,110,188,0,0,0,35,,0,0,,,重庆
2020-01-27,132,219,0,0,0,22,,0,0,,,重庆
2020-01-28,147,246,0,0,0,15,,0,0,,,重庆
2020-01-29,165,279,0,0,0,18,,0,0,,,重庆
2020-01-30,206,378,1,0,0,41,,1,0,,,重庆
2020-01-31,238,408,3,1,0,32,,2,1,,,重庆
2020-02-01,262,425,3,1,0,24,,0,0,,,重庆
2020-02-02,300,398,7,2,0,38,,4,1,,,重庆
2020-02-03,337,387,9,2,0,37,,2,0,,,重庆
2020-02-04,366,397,14,2,0,29,,5,0,,,重庆
2020-02-05,389,0,15,2,0,23,0.0,1,0,,,重庆
2020-02-06,411,408,24,2,0,22,177.0,9,0,,,重庆
2020-02-07,426,408,31,2,0,15,0.0,7,0,,,重庆
2020-02-08,446,0,39,2,0,20,,8,0,,,重庆
2020-02-09,468,0,51,2,0,22,,12,0,,,重庆
2020-02-10,486,0,66,2,0,18,0.0,15,0,,,重庆
2020-02-11,505,0,79,3,0,19,0.0,13,1,,,重庆
2020-02-12,518,0,102,3,0,13,,23,0,,,重庆
2020-02-13,529,0,128,4,0,11,0.0,26,1,,,重庆
2020-02-14,537,0,152,5,0,8,,24,1,,,重庆
2020-02-15,544,0,184,5,0,7,0.0,32,0,,,重庆
2020-02-16,551,0,207,5,0,7,,23,0,,,重庆
2020-02-17,553,0,225,5,0,2,,18,0,,,重庆
2020-02-18,555,0,254,5,0,2,,29,0,,,重庆
2020-02-19,560,0,274,5,0,5,,20,0,,,重庆
2020-02-20,567,0,299,6,0,7,,25,1,,,重庆
2020-02-21,572,0,316,6,0,5,,17,0,,,重庆
2020-02-22,573,0,328,6,0,1,,12,0,,,重庆
2020-02-23,575,0,335,6,0,2,,7,0,,,重庆
2020-02-24,576,0,349,6,0,1,,14,0,,,重庆
2020-02-25,576,0,372,6,0,0,0.0,23,0,,,重庆
2020-02-26,576,0,384,6,0,0,,12,0,,,重庆
2020-02-27,576,0,401,6,0,0,,17,0,,,重庆
2020-02-28,576,0,422,6,0,0,0.0,21,0,,,重庆
2020-02-29,576,0,438,6,0,0,,16,0,,,重庆
2020-03-01,576,0,450,6,0,0,0.0,12,0,,,重庆
2020-03-02,576,0,469,6,0,0,,19,0,,,重庆
2020-03-03,576,0,490,6,0,0,,21,0,,,重庆
2020-03-04,576,0,502,6,0,0,,12,0,,,重庆
2020-03-05,576,0,512,6,0,0,,10,0,,,重庆
2020-03-06,576,0,520,6,0,0,,8,0,,,重庆
2020-03-07,576,0,526,6,0,0,,6,0,,,重庆
2020-03-08,576,0,527,6,0,0,,1,0,,,重庆
2020-03-09,576,0,542,6,0,0,,15,0,,,重庆
2020-03-10,576,0,547,6,0,0,,5,0,,,重庆
2020-03-11,576,0,554,6,0,0,,7,0,,,重庆
2020-03-12,576,0,564,6,0,0,,10,0,,,重庆
2020-03-13,576,0,566,6,0,0,,2,0,,,重庆
2020-03-14,576,0,569,6,0,0,,3,0,,,重庆
2020-03-15,576,0,570,6,0,0,,1,0,,,重庆
2020-03-16,576,0,570,6,0,0,0.0,0,0,0.0,,重庆
2020-03-17,576,0,570,6,0,0,,0,0,,,重庆
2020-03-18,576,0,570,6,0,0,,0,0,,,重庆
2020-03-19,576,0,570,6,0,0,,0,0,,,重庆
2020-03-20,576,0,570,6,0,0,,0,0,,,重庆
2020-03-21,576,0,570,6,0,0,,0,0,,,重庆
2020-03-22,577,0,570,6,0,1,,0,0,,,重庆
2020-03-23,578,0,570,6,0,1,,0,0,,,重庆
2020-03-24,578,0,570,6,0,0,,0,0,,,重庆
2020-03-25,578,0,570,6,0,0,,0,0,,,重庆
2020-03-26,578,0,570,6,0,0,,0,0,,,重庆
2020-03-27,578,0,570,6,0,0,,0,0,,,重庆
2020-03-28,579,0,570,6,0,1,,0,0,,,重庆
2020-03-29,579,0,570,6,0,0,,0,0,,,重庆
2020-03-30,579,0,570,6,0,0,,0,0,,,重庆
2020-03-31,579,0,570,6,0,0,,0,0,,,重庆
2020-01-21,2,5,0,0,0,2,,0,0,,,四川
2020-01-22,5,7,0,0,0,3,,0,0,,,四川
2020-01-23,15,10,0,0,0,10,,0,0,,,四川
2020-01-24,28,25,0,0,0,13,,0,0,,,四川
2020-01-25,44,34,0,0,0,16,,0,0,,,四川
2020-01-26,69,92,0,0,0,25,,0,0,,,四川
2020-01-27,90,138,0,0,0,21,,0,0,,,四川
2020-01-28,108,182,0,0,0,18,,0,0,,,四川
2020-01-29,142,243,1,1,0,34,,1,1,,,四川
2020-01-30,177,241,1,1,0,35,,0,0,,,四川
2020-01-31,207,256,3,1,0,30,,2,0,,,四川
2020-02-01,231,247,3,1,0,24,,0,0,,,四川
2020-02-02,254,268,12,1,0,23,,9,0,,,四川
2020-02-03,282,258,14,1,0,28,,2,0,,,四川
2020-02-04,301,281,24,1,0,19,,10,0,,,四川
2020-02-05,321,0,27,1,0,20,0.0,3,0,,,四川
2020-02-06,344,0,37,1,0,23,157.0,10,0,,,四川
2020-02-07,363,409,50,1,0,19,0.0,13,0,,,四川
2020-02-08,386,0,60,1,0,23,,10,0,,,四川
2020-02-09,405,0,76,1,0,19,,16,0,,,四川
2020-02-10,417,0,82,1,0,12,,6,0,,,四川
2020-02-11,436,0,85,1,0,19,,3,0,,,四川
2020-02-12,451,0,93,1,0,15,,8,0,,,四川
2020-02-13,463,0,105,1,0,12,,12,0,,,四川
2020-02-14,470,0,115,1,0,7,,10,0,,,四川
2020-02-15,481,0,127,3,0,11,,12,2,,,四川
2020-02-16,495,0,136,3,0,14,,9,0,,,四川
2020-02-17,508,0,163,3,0,13,,27,0,,,四川
2020-02-18,514,0,177,3,0,6,,14,0,,,四川
2020-02-19,520,0,198,3,0,6,,21,0,,,四川
2020-02-20,525,0,222,3,0,5,,24,0,,,四川
2020-02-21,526,0,242,3,0,1,,20,0,,,四川
2020-02-22,526,0,256,3,0,0,,14,0,,,四川
2020-02-23,527,0,263,3,0,1,,7,0,,,四川
2020-02-24,529,0,278,3,0,2,,15,0,,,四川
2020-02-25,531,0,292,3,0,2,,14,0,,,四川
2020-02-26,534,0,310,3,0,3,,18,0,,,四川
2020-02-27,538,0,326,3,0,4,,16,0,,,四川
2020-02-28,538,0,350,3,0,0,,24,0,,,四川
2020-02-29,538,0,363,3,0,0,,13,0,,,四川
2020-03-01,538,0,378,3,0,0,,15,0,,,四川
2020-03-02,538,0,389,3,0,0,,11,0,,,四川
2020-03-03,538,0,400,3,0,0,,11,0,,,四川
2020-03-04,539,0,418,3,0,1,,18,0,,,四川
2020-03-05,539,0,428,3,0,0,,10,0,,,四川
2020-03-06,539,0,448,3,0,0,,20,0,,,四川
2020-03-07,539,0,457,3,0,0,,9,0,,,四川
2020-03-08,539,0,465,3,0,0,,8,0,,,四川
2020-03-09,539,0,470,3,0,0,,5,0,,,四川
2020-03-10,539,0,484,3,0,0,,14,0,,,四川
2020-03-11,539,0,494,3,0,0,,10,0,,,四川
2020-03-12,539,0,500,3,0,0,,6,0,,,四川
2020-03-13,539,0,510,3,0,0,,10,0,,,四川
2020-03-14,539,0,515,3,0,0,,5,0,,,四川
2020-03-15,539,0,516,3,0,0,,1,0,,,四川
2020-03-16,539,0,520,3,0,0,,4,0,,,四川
2020-03-17,540,0,525,3,0,1,,5,0,,,四川
2020-03-18,540,0,531,3,0,0,,6,0,,,四川
2020-03-19,541,0,536,3,0,1,,5,0,,,四川
2020-03-20,542,0,536,3,0,1,,0,0,,,四川
2020-03-21,543,0,536,3,0,1,,0,0,,,四川
2020-03-22,543,0,536,3,0,0,,0,0,,,四川
2020-03-23,545,0,536,3,0,2,,0,0,,,四川
2020-03-24,547,0,536,3,0,2,,0,0,,,四川
2020-03-25,547,0,536,3,0,0,,0,0,,,四川
2020-03-26,548,0,536,3,0,1,,0,0,,,四川
2020-03-27,548,0,536,3,0,0,,0,0,,,四川
2020-03-28,550,0,536,3,0,2,,0,0,,,四川
2020-03-29,550,0,536,3,0,0,,0,0,,,四川
2020-03-30,550,0,536,3,0,0,,0,0,,,四川
2020-03-31,552,0,536,3,0,2,,0,0,,,四川
2020-01-21,9,10,0,0,0,9,,0,0,,,上海
2020-01-22,16,16,0,0,0,7,,0,0,,,上海
2020-01-23,20,34,0,0,0,4,,0,0,,,上海
2020-01-24,33,72,0,0,0,13,,0,0,,,上海
2020-01-25,40,95,1,1,0,7,,1,1,,,上海
2020-01-26,53,90,1,1,0,13,,0,0,,,上海
2020-01-27,66,129,1,1,0,13,,0,0,,,上海
2020-01-28,80,167,4,1,0,14,,3,0,,,上海
2020-01-29,101,180,5,1,0,21,,1,0,,,上海
2020-01-30,128,164,5,1,0,27,,0,0,,,上海
2020-01-31,153,167,9,1,0,25,,4,0,,,上海
2020-02-01,177,168,10,1,0,24,,1,0,,,上海
2020-02-02,193,173,10,1,0,16,,0,0,,,上海
2020-02-03,208,168,10,1,0,15,,0,0,,,上海
2020-02-04,233,194,12,1,0,25,,2,0,,,上海
2020-02-05,254,0,15,1,0,21,0.0,3,0,,,上海
2020-02-06,269,166,25,1,0,15,94.0,10,0,,,上海
2020-02-07,281,166,30,1,0,12,0.0,5,0,,,上海
2020-02-08,292,0,41,1,0,11,0.0,11,0,,,上海
2020-02-09,295,0,44,1,0,3,,3,0,,,上海
2020-02-10,302,0,48,1,0,7,,4,0,,,上海
2020-02-11,306,0,53,1,0,4,,5,0,,,上海
2020-02-12,313,0,57,1,0,7,,4,0,,,上海
2020-02-13,318,0,62,1,0,5,,5,0,,,上海
2020-02-14,326,0,90,1,0,8,,28,0,,,上海
2020-02-15,328,0,124,1,0,2,,34,0,,,上海
2020-02-16,331,0,140,1,0,3,,16,0,,,上海
2020-02-17,333,0,161,1,0,2,,21,0,,,上海
2020-02-18,333,0,177,1,0,0,,16,0,,,上海
2020-02-19,333,0,186,2,0,0,,9,1,,,上海
2020-02-20,334,0,199,2,0,1,,13,0,,,上海
2020-02-21,334,0,211,3,0,0,,12,1,,,上海
2020-02-22,335,0,227,3,0,1,,16,0,,,上海
2020-02-23,335,0,249,3,0,0,,22,0,,,上海
2020-02-24,335,0,261,3,0,0,,12,0,,,上海
2020-02-25,336,0,268,3,0,1,,7,0,,,上海
2020-02-26,337,0,272,3,0,1,,4,0,,,上海
2020-02-27,337,0,276,3,0,0,,4,0,,,上海
2020-02-28,337,0,279,3,0,0,,3,0,,,上海
2020-02-29,337,0,287,3,0,0,,8,0,,,上海
2020-03-01,337,0,290,3,0,0,,3,0,,,上海
2020-03-02,338,0,292,3,0,1,,2,0,,,上海
2020-03-03,338,0,294,3,0,0,,2,0,,,上海
2020-03-04,338,0,298,3,0,0,,4,0,,,上海
2020-03-05,339,0,303,3,0,1,,5,0,,,上海
2020-03-06,342,0,306,3,0,3,,3,0,,,上海
2020-03-07,342,0,313,3,0,0,,7,0,,,上海
2020-03-08,342,0,314,3,0,0,,1,0,,,上海
2020-03-09,342,0,315,3,0,0,,1,0,,,上海
2020-03-10,344,0,319,3,0,2,,4,0,,,上海
2020-03-11,344,0,320,3,0,0,,1,0,,,上海
2020-03-12,346,0,321,3,0,2,,1,0,,,上海
2020-03-13,350,0,324,3,0,4,,3,0,,,上海
2020-03-14,353,0,324,3,0,3,0.0,0,0,0.0,,上海
2020-03-15,355,0,324,3,0,2,,0,0,,,上海
2020-03-16,358,0,325,3,0,3,,1,0,,,上海
2020-03-17,361,0,325,3,0,3,,0,0,,,上海
2020-03-18,363,0,326,3,0,2,,1,0,,,上海
2020-03-19,371,0,326,3,0,8,,0,0,,,上海
2020-03-20,380,0,326,3,0,9,,0,0,,,上海
2020-03-21,394,0,327,4,0,14,,1,1,,,上海
2020-03-22,404,0,328,4,0,10,,1,0,,,上海
2020-03-23,414,0,329,4,0,10,,1,0,,,上海
2020-03-24,433,0,330,5,0,19,,1,1,,,上海
2020-03-25,451,0,330,5,0,18,,0,0,,,上海
2020-03-26,468,0,331,5,0,17,,1,0,,,上海
2020-03-27,485,0,334,5,0,17,,3,0,,,上海
2020-03-28,492,0,334,5,0,7,,0,0,,,上海
2020-03-29,498,0,334,5,0,6,,0,0,,,上海
2020-03-30,509,0,338,5,0,11,0.0,4,0,0.0,,上海
2020-03-31,516,0,341,6,0,7,,3,1,,,上海
2020-04-01,516,0,343,6,0,0,,2,0,,,上海
2020-01-23,3,12,0,0,0,3,,0,0,,,黑龙江
2020-01-24,9,18,0,1,0,6,,0,1,,,黑龙江
2020-01-25,15,13,0,1,0,6,,0,0,,,黑龙江
2020-01-26,21,47,0,1,0,6,,0,0,,,黑龙江
2020-01-27,30,67,0,1,0,9,,0,0,,,黑龙江
2020-01-28,37,68,0,1,0,7,,0,0,,,黑龙江
2020-01-29,43,105,0,1,0,6,,0,0,,,黑龙江
2020-01-30,59,128,0,2,0,16,,0,1,,,黑龙江
2020-01-31,80,149,0,2,0,21,,0,0,,,黑龙江
2020-02-01,95,172,2,2,0,15,,2,0,,,黑龙江
2020-02-02,118,163,2,2,0,23,,0,0,,,黑龙江
2020-02-03,155,178,2,2,0,37,,0,0,,,黑龙江
2020-02-04,190,184,4,2,0,35,,2,0,,,黑龙江
2020-02-05,227,0,7,3,0,37,0.0,3,1,,,黑龙江
2020-02-06,277,0,8,3,0,50,88.0,1,0,,,黑龙江
2020-02-07,285,210,12,5,0,8,0.0,4,2,,,黑龙江
2020-02-08,307,0,13,6,0,22,0.0,1,1,,,黑龙江
2020-02-09,331,0,15,7,0,24,,2,1,,,黑龙江
2020-02-10,360,0,27,8,0,29,0.0,12,1,,,黑龙江
2020-02-11,378,0,28,8,0,18,,1,0,,,黑龙江
2020-02-12,395,0,31,9,0,17,,3,1,,,黑龙江
2020-02-13,418,0,37,11,0,23,,6,2,,,黑龙江
2020-02-14,425,0,48,11,0,7,,11,0,,,黑龙江
2020-02-15,445,0,70,11,0,20,,22,0,,,黑龙江
2020-02-16,457,0,80,11,0,12,,10,0,,,黑龙江
2020-02-17,464,0,85,11,0,7,,5,0,,,黑龙江
2020-02-18,470,0,108,12,0,6,,23,1,,,黑龙江
2020-02-19,476,0,123,12,0,6,,15,0,,,黑龙江
2020-02-20,479,0,141,12,0,3,,18,0,,,黑龙江
2020-02-21,479,0,183,12,0,0,,42,0,,,黑龙江
2020-02-22,480,0,215,12,0,1,,32,0,,,黑龙江
2020-02-23,480,0,224,12,0,0,,9,0,,,黑龙江
2020-02-24,480,0,232,12,0,0,,8,0,,,黑龙江
2020-02-25,480,0,245,12,0,0,,13,0,,,黑龙江
2020-02-26,480,0,262,13,0,0,,17,1,,,黑龙江
2020-02-27,480,0,280,13,0,0,,18,0,,,黑龙江
2020-02-28,480,0,295,13,0,0,,15,0,,,黑龙江
2020-02-29,480,0,330,13,0,0,,35,0,,,黑龙江
2020-03-01,480,0,350,13,0,0,,20,0,,,黑龙江
2020-03-02,480,0,358,13,0,0,,8,0,,,黑龙江
2020-03-03,480,0,372,13,0,0,,14,0,,,黑龙江
2020-03-04,481,0,379,13,0,1,,7,0,,,黑龙江
2020-03-05,481,0,380,13,0,0,,1,0,,,黑龙江
2020-03-06,481,0,402,13,0,0,,22,0,,,黑龙江
2020-03-07,481,0,409,13,0,0,,7,0,,,黑龙江
2020-03-08,481,0,421,13,0,0,,12,0,,,黑龙江
2020-03-09,481,0,434,13,0,0,,13,0,,,黑龙江
2020-03-10,482,0,435,13,0,1,,1,0,,,黑龙江
2020-03-11,482,0,440,13,0,0,,5,0,,,黑龙江
2020-03-12,482,0,446,13,0,0,,6,0,,,黑龙江
2020-03-13,482,0,447,13,0,0,,1,0,,,黑龙江
2020-03-14,482,0,453,13,0,0,,6,0,,,黑龙江
2020-03-15,482,0,454,13,0,0,,1,0,,,黑龙江
2020-03-16,482,0,456,13,0,0,,2,0,,,黑龙江
2020-03-17,482,0,459,13,0,0,,3,0,,,黑龙江
2020-03-18,483,0,460,13,0,1,,1,0,,,黑龙江
2020-03-19,484,0,463,13,0,1,0.0,3,0,0.0,,黑龙江
2020-03-20,484,0,463,13,0,0,,0,0,,,黑龙江
2020-03-21,484,0,465,13,0,0,,2,0,,,黑龙江
2020-03-22,484,0,465,13,0,0,,0,0,,,黑龙江
2020-03-23,484,0,468,13,0,0,,3,0,,,黑龙江
2020-03-24,484,0,468,13,0,0,,0,0,,,黑龙江
2020-03-25,484,0,469,13,0,0,,1,0,,,黑龙江
2020-03-26,484,0,469,13,0,0,,0,0,,,黑龙江
2020-03-27,484,0,469,13,0,0,,0,0,,,黑龙江
2020-03-28,484,0,469,13,0,0,,0,0,,,黑龙江
2020-03-29,484,0,469,13,0,0,,0,0,,,黑龙江
2020-03-30,484,0,469,13,0,0,,0,0,,,黑龙江
2020-03-31,484,0,469,13,0,0,,0,0,,,黑龙江
2020-01-23,5,4,0,0,0,5,,0,0,,,福建
2020-01-24,10,7,0,0,0,5,,0,0,,,福建
2020-01-25,18,27,0,0,0,8,,0,0,,,福建
2020-01-26,35,59,0,0,0,17,,0,0,,,福建
2020-01-27,59,68,0,0,0,24,,0,0,,,福建
2020-01-28,82,80,0,0,0,23,,0,0,,,福建
2020-01-29,101,110,0,0,0,19,,0,0,,,福建
2020-01-30,120,116,0,0,0,19,,0,0,,,福建
2020-01-31,144,111,0,0,0,24,,0,0,,,福建
2020-02-01,159,99,0,0,0,15,,0,0,,,福建
2020-02-02,179,96,0,0,0,20,,0,0,,,福建
2020-02-03,194,87,1,0,0,15,,1,0,,,福建
2020-02-04,205,91,7,0,0,11,,6,0,,,福建
2020-02-05,215,0,11,0,0,10,0.0,4,0,,,福建
2020-02-06,224,94,15,0,0,9,45.0,4,0,,,福建
2020-02-07,239,0,20,0,0,15,0.0,5,0,,,福建
2020-02-08,250,0,24,0,0,11,,4,0,,,福建
2020-02-09,261,0,35,0,0,11,0.0,11,0,,,福建
2020-02-10,267,0,39,0,0,6,,4,0,,,福建
2020-02-11,272,0,46,0,0,5,,7,0,,,福建
2020-02-12,279,0,54,0,0,7,,8,0,,,福建
2020-02-13,281,0,59,0,0,2,,5,0,,,福建
2020-02-14,285,0,66,0,0,4,,7,0,,,福建
2020-02-15,287,0,77,0,0,2,,11,0,,,福建
2020-02-16,290,0,84,0,0,3,,7,0,,,福建
2020-02-17,292,0,91,0,0,2,,7,0,,,福建
2020-02-18,293,0,96,0,0,1,,5,0,,,福建
2020-02-19,293,0,112,1,0,0,,16,1,,,福建
2020-02-20,293,0,134,1,0,0,,22,0,,,福建
2020-02-21,293,0,150,1,0,0,,16,0,,,福建
2020-02-22,293,0,165,1,0,0,,15,0,,,福建
2020-02-23,293,0,174,1,0,0,,9,0,,,福建
2020-02-24,294,0,188,1,0,1,,14,0,,,福建
2020-02-25,294,0,205,1,0,0,,17,0,,,福建
2020-02-26,296,0,225,1,0,2,,20,0,,,福建
2020-02-27,296,0,232,1,0,0,,7,0,,,福建
2020-02-28,296,0,241,1,0,0,,9,0,,,福建
2020-02-29,296,0,243,1,0,0,,2,0,,,福建
2020-03-01,296,0,247,1,0,0,,4,0,,,福建
2020-03-02,296,0,255,1,0,0,,8,0,,,福建
2020-03-03,296,0,261,1,0,0,,6,0,,,福建
2020-03-04,296,0,270,1,0,0,,9,0,,,福建
2020-03-05,296,0,278,1,0,0,,8,0,,,福建
2020-03-06,296,0,284,1,0,0,,6,0,,,福建
2020-03-07,296,0,295,1,0,0,,11,0,,,福建
2020-03-08,296,0,295,1,0,0,,0,0,,,福建
2020-03-09,296,0,295,1,0,0,,0,0,,,福建
2020-03-10,296,0,295,1,0,0,,0,0,,,福建
2020-03-11,296,0,295,1,0,0,,0,0,,,福建
2020-03-12,296,0,295,1,0,0,,0,0,,,福建
2020-03-13,296,0,295,1,0,0,,0,0,,,福建
2020-03-14,296,0,295,1,0,0,,0,0,,,福建
2020-03-15,296,0,295,1,0,0,,0,0,,,福建
2020-03-16,296,0,295,1,0,0,,0,0,,,福建
2020-03-17,296,0,295,1,0,0,,0,0,,,福建
2020-03-18,296,0,295,1,0,0,,0,0,,,福建
2020-03-19,299,0,295,1,0,3,,0,0,,,福建
2020-03-20,303,0,295,1,0,4,,0,0,,,福建
2020-03-21,307,0,295,1,0,4,,0,0,,,福建
2020-03-22,313,0,295,1,0,6,,0,0,,,福建
2020-03-23,318,0,295,1,0,5,,0,0,,,福建
2020-03-24,322,0,295,1,0,4,,0,0,,,福建
2020-03-25,328,0,295,1,0,6,,0,0,,,福建
2020-03-26,331,0,295,1,0,3,,0,0,,,福建
2020-03-27,337,0,295,1,0,6,,0,0,,,福建
2020-03-28,338,0,295,1,0,1,,0,0,,,福建
2020-03-29,340,0,295,1,0,2,,0,0,,,福建
2020-03-30,343,0,295,1,0,3,,0,0,,,福建
2020-03-31,345,0,297,1,0,2,,2,0,,,福建
2020-01-21,1,0,1,0,0,1,,1,0,,,台湾
2020-01-22,1,0,1,0,0,0,,0,0,,,台湾
2020-01-23,1,0,1,0,0,0,,0,0,,,台湾
2020-01-24,3,0,1,0,0,2,,0,0,,,台湾
2020-01-25,3,0,1,0,0,0,,0,0,,,台湾
2020-01-26,4,0,1,0,0,1,,0,0,,,台湾
2020-01-27,5,0,0,0,0,1,,0,0,,,台湾
2020-01-28,8,0,0,0,0,3,,0,0,,,台湾
2020-01-29,8,0,0,0,0,0,,0,0,,,台湾
2020-01-30,9,0,0,0,0,1,,0,0,,,台湾
2020-01-31,10,0,0,0,0,1,,0,0,,,台湾
2020-02-01,10,0,0,0,0,0,,0,0,,,台湾
2020-02-02,10,0,0,0,0,0,,0,0,,,台湾
2020-02-03,10,0,0,0,0,0,,0,0,,,台湾
2020-02-04,11,0,0,0,0,1,,0,0,,,台湾
2020-02-05,11,0,0,0,0,0,0.0,0,0,,,台湾
2020-02-06,16,0,1,0,0,5,0.0,1,0,,,台湾
2020-02-07,17,0,1,0,0,1,0.0,0,0,,,台湾
2020-02-08,17,0,1,0,0,0,0.0,0,0,,,台湾
2020-02-09,18,0,1,0,0,1,0.0,0,0,,,台湾
2020-02-10,18,0,1,0,0,0,0.0,0,0,,,台湾
2020-02-11,18,0,1,0,0,0,0.0,0,0,,,台湾
2020-02-12,18,0,1,0,0,0,0.0,0,0,,,台湾
2020-02-13,18,0,1,0,0,0,0.0,0,0,,,台湾
2020-02-14,18,0,1,0,0,0,0.0,0,0,,,台湾
2020-02-15,18,0,2,0,0,0,0.0,1,0,,,台湾
2020-02-16,20,0,2,1,0,2,0.0,0,1,,,台湾
2020-02-17,22,0,2,1,0,2,0.0,0,0,,,台湾
2020-02-18,22,0,2,1,0,0,0.0,0,0,,,台湾
2020-02-19,24,0,2,1,0,2,0.0,0,0,,,台湾
2020-02-20,24,0,2,1,0,0,0.0,0,0,,,台湾
2020-02-21,26,0,2,1,0,2,0.0,0,0,,,台湾
2020-02-22,26,0,2,1,0,0,0.0,0,0,,,台湾
2020-02-23,28,0,5,1,0,2,0.0,3,0,,,台湾
2020-02-24,30,0,5,1,0,2,0.0,0,0,,,台湾
2020-02-25,31,0,5,1,0,1,0.0,0,0,,,台湾
2020-02-26,32,0,5,1,0,1,0.0,0,0,,,台湾
2020-02-27,32,0,6,1,0,0,0.0,1,0,,,台湾
2020-02-28,34,0,9,1,0,2,0.0,3,0,,,台湾
2020-02-29,39,0,9,1,0,5,0.0,0,0,,,台湾
2020-03-01,40,0,12,1,0,1,0.0,3,0,,,台湾
2020-03-02,41,0,12,1,0,1,0.0,0,0,,,台湾
2020-03-03,42,0,12,1,0,1,0.0,0,0,,,台湾
2020-03-04,42,0,12,1,0,0,,0,0,,,台湾
2020-03-05,44,0,12,1,0,2,0.0,0,0,0.0,,台湾
2020-03-06,45,0,12,1,0,1,0.0,0,0,0.0,,台湾
2020-03-07,45,0,13,1,0,0,0.0,1,0,0.0,,台湾
2020-03-08,45,0,15,1,0,0,0.0,2,0,0.0,,台湾
2020-03-09,45,0,15,1,0,0,,0,0,,,台湾
2020-03-10,47,0,17,1,0,2,0.0,2,0,0.0,,台湾
2020-03-11,48,0,17,1,0,1,0.0,0,0,0.0,,台湾
2020-03-12,49,0,20,1,0,1,0.0,3,0,0.0,,台湾
2020-03-13,50,0,20,1,0,1,0.0,0,0,0.0,,台湾
2020-03-14,53,0,20,1,0,3,0.0,0,0,0.0,,台湾
2020-03-15,59,0,20,1,0,6,0.0,0,0,0.0,,台湾
2020-03-16,67,0,22,1,0,8,0.0,2,0,0.0,,台湾
2020-03-17,77,0,22,1,0,10,0.0,0,0,0.0,,台湾
2020-03-18,100,0,22,1,0,23,0.0,0,0,0.0,,台湾
2020-03-19,108,0,26,1,0,8,0.0,4,0,0.0,,台湾
2020-03-20,135,0,28,2,0,27,0.0,2,1,0.0,,台湾
2020-03-21,153,0,28,2,0,18,0.0,0,0,0.0,,台湾
2020-03-22,169,0,28,2,0,16,0.0,0,0,0.0,,台湾
2020-03-23,195,0,29,2,0,26,0.0,1,0,0.0,,台湾
2020-03-24,216,0,29,2,0,21,0.0,0,0,0.0,,台湾
2020-03-25,235,0,29,2,0,19,0.0,0,0,0.0,,台湾
2020-03-26,252,0,29,2,0,17,0.0,0,0,0.0,,台湾
2020-03-27,267,0,30,2,0,15,0.0,1,0,0.0,,台湾
2020-03-28,283,0,30,2,0,16,0.0,0,0,0.0,,台湾
2020-03-29,298,0,39,3,0,15,0.0,9,1,0.0,,台湾
2020-03-30,306,0,39,5,0,8,0.0,0,2,0.0,,台湾
2020-03-31,322,0,39,5,0,16,0.0,0,0,0.0,,台湾
2020-04-01,329,0,39,5,0,7,0.0,0,0,0.0,,台湾
2020-01-24,8,0,0,1,0,8,,0,1,,,河北
2020-01-25,13,5,0,1,0,5,,0,0,,,河北
2020-01-26,18,13,0,1,0,5,,0,0,,,河北
2020-01-27,33,20,0,1,0,15,,0,0,,,河北
2020-01-28,48,56,0,1,0,15,,0,0,,,河北
2020-01-29,65,68,0,1,0,17,,0,0,,,河北
2020-01-30,82,78,0,1,0,17,,0,0,,,河北
2020-01-31,96,88,0,1,0,14,,0,0,,,河北
2020-02-01,104,104,3,1,0,8,,3,0,,,河北
2020-02-02,113,108,3,1,0,9,,0,0,,,河北
2020-02-03,126,93,3,1,0,13,,0,0,,,河北
2020-02-04,135,117,4,1,0,9,,1,0,,,河北
2020-02-05,157,0,7,1,0,22,0.0,3,0,,,河北
2020-02-06,171,117,16,1,0,14,44.0,9,0,,,河北
2020-02-07,195,0,25,1,0,24,0.0,9,0,,,河北
2020-02-08,206,0,30,2,0,11,,5,1,,,河北
2020-02-09,218,0,35,2,0,12,,5,0,,,河北
2020-02-10,239,0,41,2,0,21,,6,0,,,河北
2020-02-11,251,0,48,2,0,12,,7,0,,,河北
2020-02-12,265,0,54,3,0,14,,6,1,,,河北
2020-02-13,283,0,69,3,0,18,,15,0,,,河北
2020-02-14,291,0,86,3,0,8,,17,0,,,河北
2020-02-15,300,0,100,3,0,9,0.0,14,0,,,河北
2020-02-16,301,0,109,3,0,1,,9,0,,,河北
2020-02-17,302,0,123,4,0,1,,14,1,,,河北
2020-02-18,306,0,136,4,0,4,,13,0,,,河北
2020-02-19,307,0,152,5,0,1,,16,1,,,河北
2020-02-20,308,0,170,5,0,1,,18,0,,,河北
2020-02-21,309,0,184,6,0,1,,14,1,,,河北
2020-02-22,311,0,204,6,0,2,,20,0,,,河北
2020-02-23,311,0,221,6,0,0,,17,0,,,河北
2020-02-24,311,0,241,6,0,0,,20,0,,,河北
2020-02-25,312,0,248,6,0,1,,7,0,,,河北
2020-02-26,317,0,261,6,0,5,,13,0,,,河北
2020-02-27,318,0,274,6,0,1,,13,0,,,河北
2020-02-28,318,0,277,6,0,0,,3,0,,,河北
2020-02-29,318,0,283,6,0,0,,6,0,,,河北
2020-03-01,318,0,294,6,0,0,,11,0,,,河北
2020-03-02,318,0,297,6,0,0,,3,0,,,河北
2020-03-03,318,0,300,6,0,0,,3,0,,,河北
2020-03-04,318,0,301,6,0,0,,1,0,,,河北
2020-03-05,318,0,304,6,0,0,,3,0,,,河北
2020-03-06,318,0,305,6,0,0,,1,0,,,河北
2020-03-07,318,0,307,6,0,0,,2,0,,,河北
2020-03-08,318,0,307,6,0,0,,0,0,,,河北
2020-03-09,318,0,307,6,0,0,,0,0,,,河北
2020-03-10,318,0,307,6,0,0,,0,0,,,河北
2020-03-11,318,0,307,6,0,0,,0,0,,,河北
2020-03-12,318,0,310,6,0,0,,3,0,,,河北
2020-03-13,318,0,310,6,0,0,,0,0,,,河北
2020-03-14,318,0,310,6,0,0,,0,0,,,河北
2020-03-15,318,0,310,6,0,0,,0,0,,,河北
2020-03-16,318,0,310,6,0,0,,0,0,,,河北
2020-03-17,318,0,310,6,0,0,,0,0,,,河北
2020-03-18,318,0,310,6,0,0,,0,0,,,河北
2020-03-19,318,0,310,6,0,0,,0,0,,,河北
2020-03-20,318,0,310,6,0,0,,0,0,,,河北
2020-03-21,319,0,310,6,0,1,,0,0,,,河北
2020-03-22,319,0,310,6,0,0,,0,0,,,河北
2020-03-23,319,0,310,6,0,0,,0,0,,,河北
2020-03-24,319,0,310,6,0,0,,0,0,,,河北
2020-03-25,319,0,310,6,0,0,,0,0,,,河北
2020-03-26,319,0,310,6,0,0,,0,0,,,河北
2020-03-27,319,0,310,6,0,0,,0,0,,,河北
2020-03-28,319,0,310,6,0,0,,0,0,,,河北
2020-03-29,321,0,310,6,0,2,,0,0,,,河北
2020-03-30,321,0,310,6,0,0,,0,0,,,河北
2020-03-31,323,0,310,6,0,2,,0,0,,,河北
2020-01-23,3,0,0,0,0,3,,0,0,,,陕西
2020-01-24,5,0,0,0,0,2,,0,0,,,陕西
2020-01-25,15,0,0,0,0,10,,0,0,,,陕西
2020-01-26,22,0,0,0,0,7,,0,0,,,陕西
2020-01-27,35,0,0,0,0,13,,0,0,,,陕西
2020-01-28,46,0,0,0,0,11,,0,0,,,陕西
2020-01-29,63,116,0,0,0,17,,0,0,,,陕西
2020-01-30,87,132,0,0,0,24,,0,0,,,陕西
2020-01-31,101,158,0,0,0,14,,0,0,,,陕西
2020-02-01,116,201,0,0,0,15,,0,0,,,陕西
2020-02-02,128,205,0,0,0,12,,0,0,,,陕西
2020-02-03,142,221,0,0,0,14,,0,0,,,陕西
2020-02-04,165,215,0,0,0,23,,0,0,,,陕西
2020-02-05,173,0,6,0,0,8,0.0,6,0,,,陕西
2020-02-06,184,360,11,0,0,11,70.0,5,0,,,陕西
2020-02-07,195,360,17,0,0,11,0.0,6,0,,,陕西
2020-02-08,208,0,20,0,0,13,,3,0,,,陕西
2020-02-09,213,0,27,0,0,5,,7,0,,,陕西
2020-02-10,219,0,31,0,0,6,,4,0,,,陕西
2020-02-11,225,0,36,0,0,6,,5,0,,,陕西
2020-02-12,229,0,42,0,0,4,,6,0,,,陕西
2020-02-13,230,0,49,0,0,1,,7,0,,,陕西
2020-02-14,232,0,53,0,0,2,,4,0,,,陕西
2020-02-15,236,0,64,0,0,4,,11,0,,,陕西
2020-02-16,240,0,74,0,0,4,,10,0,,,陕西
2020-02-17,240,0,79,0,0,0,,5,0,,,陕西
2020-02-18,242,0,89,0,0,2,,10,0,,,陕西
2020-02-19,245,0,105,1,0,3,,16,1,,,陕西
2020-02-20,245,0,117,1,0,0,,12,0,,,陕西
2020-02-21,245,0,140,1,0,0,,23,0,,,陕西
2020-02-22,245,0,153,1,0,0,,13,0,,,陕西
2020-02-23,245,0,162,1,0,0,,9,0,,,陕西
2020-02-24,245,0,175,1,0,0,,13,0,,,陕西
2020-02-25,245,0,186,1,0,0,,11,0,,,陕西
2020-02-26,245,0,194,1,0,0,,8,0,,,陕西
2020-02-27,245,0,197,1,0,0,,3,0,,,陕西
2020-02-28,245,0,200,1,0,0,,3,0,,,陕西
2020-02-29,245,0,207,1,0,0,,7,0,,,陕西
2020-03-01,245,0,209,1,0,0,,2,0,,,陕西
2020-03-02,245,0,216,1,0,0,,7,0,,,陕西
2020-03-03,245,0,218,1,0,0,,2,0,,,陕西
2020-03-04,245,0,222,1,0,0,,4,0,,,陕西
2020-03-05,245,0,224,1,0,0,,2,0,,,陕西
2020-03-06,245,0,226,1,0,0,,2,0,,,陕西
2020-03-07,245,0,226,1,0,0,,0,0,,,陕西
2020-03-08,245,0,227,1,0,0,,1,0,,,陕西
2020-03-09,245,0,227,1,0,0,,0,0,,,陕西
2020-03-10,245,0,227,1,0,0,,0,0,,,陕西
2020-03-11,245,0,232,2,0,0,,5,1,,,陕西
2020-03-12,245,0,232,2,0,0,,0,0,,,陕西
2020-03-13,245,0,232,2,0,0,,0,0,,,陕西
2020-03-14,245,0,232,2,0,0,,0,0,,,陕西
2020-03-15,245,0,232,2,0,0,,0,0,,,陕西
2020-03-16,246,0,233,3,0,1,,1,1,,,陕西
2020-03-17,246,0,236,3,0,0,,3,0,,,陕西
2020-03-18,246,0,237,3,0,0,0.0,1,0,0.0,,陕西
2020-03-19,246,0,237,3,0,0,,0,0,,,陕西
2020-03-20,248,0,239,3,0,2,,2,0,,,陕西
2020-03-21,248,0,239,3,0,0,,0,0,,,陕西
2020-03-22,248,0,239,3,0,0,,0,0,,,陕西
2020-03-23,248,0,240,3,0,0,,1,0,,,陕西
2020-03-24,249,0,240,3,0,1,,0,0,,,陕西
2020-03-25,252,0,242,3,0,3,,2,0,,,陕西
2020-03-26,253,0,242,3,0,1,,0,0,,,陕西
2020-03-27,253,0,242,3,0,0,,0,0,,,陕西
2020-03-28,253,0,242,3,0,0,,0,0,,,陕西
2020-03-29,253,0,242,3,0,0,,0,0,,,陕西
2020-03-30,253,0,242,3,0,0,,0,0,,,陕西
2020-03-31,255,0,242,3,0,2,,0,0,,,陕西
2020-01-22,5,3,0,0,0,5,,0,0,,,广西
2020-01-23,13,2,0,0,0,8,,0,0,,,广西
2020-01-24,23,6,0,0,0,10,,0,0,,,广西
2020-01-25,33,21,0,0,0,10,,0,0,,,广西
2020-01-26,46,40,0,0,0,13,,0,0,,,广西
2020-01-27,51,11,0,0,0,5,,0,0,,,广西
2020-01-28,58,118,2,0,0,7,,2,0,,,广西
2020-01-29,78,155,2,0,0,20,,0,0,,,广西
2020-01-30,87,256,2,0,0,9,,0,0,,,广西
2020-01-31,100,288,2,0,0,13,,0,0,,,广西
2020-02-01,111,319,2,0,0,11,,0,0,,,广西
2020-02-02,127,330,2,0,0,16,,0,0,,,广西
2020-02-03,139,364,7,0,0,12,,5,0,,,广西
2020-02-04,150,396,10,0,0,11,,3,0,,,广西
2020-02-05,168,0,14,0,0,18,0.0,4,0,,,广西
2020-02-06,172,340,17,0,0,4,142.0,3,0,,,广西
2020-02-07,183,340,14,0,0,11,0.0,0,0,,,广西
2020-02-08,195,0,18,1,0,12,,4,1,,,广西
2020-02-09,210,0,20,1,0,15,,2,0,,,广西
2020-02-10,215,0,30,1,0,5,,10,0,,,广西
2020-02-11,222,0,31,1,0,7,,1,0,,,广西
2020-02-12,222,0,33,2,0,0,,2,1,,,广西
2020-02-13,226,0,35,2,0,4,,2,0,,,广西
2020-02-14,235,0,40,2,0,9,,5,0,,,广西
2020-02-15,237,0,46,2,0,2,,6,0,,,广西
2020-02-16,238,0,51,2,0,1,,5,0,,,广西
2020-02-17,242,0,59,2,0,4,,8,0,,,广西
2020-02-18,244,0,76,2,0,2,,17,0,,,广西
2020-02-19,245,0,87,2,0,1,,11,0,,,广西
2020-02-20,246,0,95,2,0,1,,8,0,,,广西
2020-02-21,249,0,99,2,0,3,,4,0,,,广西
2020-02-22,249,0,104,2,0,0,,5,0,,,广西
2020-02-23,251,0,107,2,0,2,,3,0,,,广西
2020-02-24,252,0,129,2,0,1,,22,0,,,广西
2020-02-25,252,0,138,2,0,0,,9,0,,,广西
2020-02-26,252,0,159,2,0,0,,21,0,,,广西
2020-02-27,252,0,166,2,0,0,,7,0,,,广西
2020-02-28,252,0,172,2,0,0,,6,0,,,广西
2020-02-29,252,0,179,2,0,0,,7,0,,,广西
2020-03-01,252,0,188,2,0,0,,9,0,,,广西
2020-03-02,252,0,202,2,0,0,,14,0,,,广西
2020-03-03,252,0,210,2,0,0,,8,0,,,广西
2020-03-04,252,0,213,2,0,0,,3,0,,,广西
2020-03-05,252,0,217,2,0,0,,4,0,,,广西
2020-03-06,252,0,219,2,0,0,,2,0,,,广西
2020-03-07,252,0,223,2,0,0,,4,0,,,广西
2020-03-08,252,0,230,2,0,0,,7,0,,,广西
2020-03-09,252,0,234,2,0,0,,4,0,,,广西
2020-03-10,252,0,237,2,0,0,,3,0,,,广西
2020-03-11,252,0,241,2,0,0,,4,0,,,广西
2020-03-12,252,0,243,2,0,0,,2,0,,,广西
2020-03-13,252,0,243,2,0,0,,0,0,,,广西
2020-03-14,252,0,243,2,0,0,,0,0,,,广西
2020-03-15,252,0,247,2,0,0,,4,0,,,广西
2020-03-16,253,0,248,2,0,1,,1,0,,,广西
2020-03-17,253,0,250,2,0,0,,2,0,,,广西
2020-03-18,253,0,250,2,0,0,,0,0,,,广西
2020-03-19,254,0,250,2,0,1,,0,0,,,广西
2020-03-20,254,0,250,2,0,0,,0,0,,,广西
2020-03-21,254,0,250,2,0,0,,0,0,,,广西
2020-03-22,254,0,250,2,0,0,,0,0,,,广西
2020-03-23,254,0,250,2,0,0,,0,0,,,广西
2020-03-24,254,0,250,2,0,0,,0,0,,,广西
2020-03-25,254,0,250,2,0,0,,0,0,,,广西
2020-03-26,254,0,250,2,0,0,,0,0,,,广西
2020-03-27,254,0,250,2,0,0,,0,0,,,广西
2020-03-28,254,0,250,2,0,0,,0,0,,,广西
2020-03-29,254,0,250,2,0,0,,0,0,,,广西
2020-03-30,254,0,250,2,0,0,,0,0,,,广西
2020-03-31,254,0,250,2,0,0,,0,0,,,广西
2020-01-22,1,0,0,0,0,1,,0,0,,,云南
2020-01-23,2,1,0,0,0,1,,0,0,,,云南
2020-01-24,5,4,0,0,0,3,,0,0,,,云南
2020-01-25,11,29,0,0,0,6,,0,0,,,云南
2020-01-26,21,75,0,0,0,10,,0,0,,,云南
2020-01-27,32,104,0,0,0,11,,0,0,,,云南
2020-01-28,51,163,0,0,0,19,,0,0,,,云南
2020-01-29,70,191,0,0,0,19,,0,0,,,云南
2020-01-30,80,236,0,0,0,10,,0,0,,,云南
2020-01-31,91,228,1,0,0,11,,1,0,,,云南
2020-02-01,99,261,2,0,0,8,,1,0,,,云南
2020-02-02,109,252,3,0,0,10,,1,0,,,云南
2020-02-03,117,225,5,0,0,8,,2,0,,,云南
2020-02-04,122,172,5,0,0,5,,0,0,,,云南
2020-02-05,128,0,5,0,0,6,0.0,0,0,,,云南
2020-02-06,135,0,7,0,0,7,0.0,2,0,,,云南
2020-02-07,138,0,12,0,0,3,0.0,5,0,,,云南
2020-02-08,140,0,17,0,0,2,,5,0,,,云南
2020-02-09,141,0,18,0,0,1,,1,0,,,云南
2020-02-10,149,0,19,0,0,8,,1,0,,,云南
2020-02-11,154,0,20,0,0,5,0.0,1,0,,,云南
2020-02-12,155,0,23,0,0,1,,3,0,,,云南
2020-02-13,162,0,27,0,0,7,0.0,4,0,,,云南
2020-02-14,168,0,35,0,0,6,,8,0,,,云南
2020-02-15,169,0,42,0,0,1,,7,0,,,云南
2020-02-16,171,0,42,0,0,2,,0,0,,,云南
2020-02-17,172,0,47,0,0,1,,5,0,,,云南
2020-02-18,172,0,57,0,0,0,,10,0,,,云南
2020-02-19,172,0,60,1,0,0,,3,1,,,云南
2020-02-20,174,0,79,2,0,2,,19,1,,,云南
2020-02-21,174,0,96,2,0,0,,17,0,,,云南
2020-02-22,174,0,107,2,0,0,,11,0,,,云南
2020-02-23,174,0,115,2,0,0,,8,0,,,云南
2020-02-24,174,0,124,2,0,0,,9,0,,,云南
2020-02-25,174,0,129,2,0,0,,5,0,,,云南
2020-02-26,174,0,144,2,0,0,,15,0,,,云南
2020-02-27,174,0,150,2,0,0,,6,0,,,云南
2020-02-28,174,0,156,2,0,0,0.0,6,0,,,云南
2020-02-29,174,0,157,2,0,0,,1,0,,,云南
2020-03-01,174,0,163,2,0,0,,6,0,,,云南
2020-03-02,174,0,168,2,0,0,0.0,5,0,,,云南
2020-03-03,174,0,169,2,0,0,,1,0,,,云南
2020-03-04,174,0,169,2,0,0,,0,0,,,云南
2020-03-05,174,0,169,2,0,0,,0,0,,,云南
2020-03-06,174,0,170,2,0,0,,1,0,,,云南
2020-03-07,174,0,170,2,0,0,,0,0,,,云南
2020-03-08,174,0,170,2,0,0,,0,0,,,云南
2020-03-09,174,0,170,2,0,0,,0,0,,,云南
2020-03-10,174,0,170,2,0,0,,0,0,,,云南
2020-03-11,174,0,170,2,0,0,,0,0,,,云南
2020-03-12,174,0,170,2,0,0,0.0,0,0,0.0,,云南
2020-03-13,174,0,170,2,0,0,0.0,0,0,0.0,,云南
2020-03-14,174,0,172,2,0,0,0.0,2,0,0.0,,云南
2020-03-15,175,0,172,2,0,1,,0,0,,,云南
2020-03-16,176,0,172,2,0,1,,0,0,,,云南
2020-03-17,176,0,172,2,0,0,,0,0,,,云南
2020-03-18,176,0,172,2,0,0,,0,0,,,云南
2020-03-19,176,0,172,2,0,0,,0,0,,,云南
2020-03-20,176,0,172,2,0,0,,0,0,,,云南
2020-03-21,176,0,172,2,0,0,,0,0,,,云南
2020-03-22,176,0,172,2,0,0,,0,0,,,云南
2020-03-23,176,0,172,2,0,0,,0,0,,,云南
2020-03-24,176,0,172,2,0,0,,0,0,,,云南
2020-03-25,178,0,172,2,0,2,,0,0,,,云南
2020-03-26,180,0,172,2,0,2,,0,0,,,云南
2020-03-27,180,0,172,2,0,0,,0,0,,,云南
2020-03-28,180,0,172,2,0,0,,0,0,,,云南
2020-03-29,180,0,172,2,0,0,,0,0,,,云南
2020-03-30,181,0,172,2,0,1,,0,0,,,云南
2020-03-31,182,0,172,2,0,1,,0,0,,,云南
2020-01-24,8,51,0,0,0,8,,0,0,,,天津
2020-01-25,10,61,0,0,0,2,,0,0,,,天津
2020-01-26,15,85,0,0,0,5,,0,0,,,天津
2020-01-27,23,88,0,0,0,8,,0,0,,,天津
2020-01-28,25,103,0,0,0,2,,0,0,,,天津
2020-01-29,27,104,0,0,0,2,,0,0,,,天津
2020-01-30,32,150,0,0,0,5,,0,0,,,天津
2020-01-31,34,142,0,0,0,2,,0,0,,,天津
2020-02-01,45,112,0,0,0,11,,0,0,,,天津
2020-02-02,49,133,1,0,0,4,,1,0,,,天津
2020-02-03,63,168,1,0,0,14,,0,0,,,天津
2020-02-04,67,190,2,0,0,4,,1,0,,,天津
2020-02-05,69,0,2,1,0,2,0.0,0,1,,,天津
2020-02-06,79,228,2,1,0,10,101.0,0,0,,,天津
2020-02-07,81,228,2,1,0,2,0.0,0,0,,,天津
2020-02-08,88,0,4,1,0,7,,2,0,,,天津
2020-02-09,91,0,4,1,0,3,,0,0,,,天津
2020-02-10,95,0,8,2,0,4,0.0,4,1,,,天津
2020-02-11,106,0,10,2,0,11,0.0,2,0,,,天津
2020-02-12,112,0,11,3,0,6,,1,1,,,天津
2020-02-13,119,0,21,3,0,7,,10,0,,,天津
2020-02-14,120,0,32,3,0,1,,11,0,,,天津
2020-02-15,122,0,37,3,0,2,,5,0,,,天津
2020-02-16,124,0,45,3,0,2,,8,0,,,天津
2020-02-17,125,0,46,3,0,1,,1,0,,,天津
2020-02-18,128,0,48,3,0,3,,2,0,,,天津
2020-02-19,130,0,54,3,0,2,,6,0,,,天津
2020-02-20,131,0,59,3,0,1,,5,0,,,天津
2020-02-21,133,0,62,3,0,2,,3,0,,,天津
2020-02-22,135,0,65,3,0,2,0.0,3,0,,,天津
2020-02-23,135,0,81,3,0,0,,16,0,,,天津
2020-02-24,135,0,87,3,0,0,,6,0,,,天津
2020-02-25,135,0,91,3,0,0,,4,0,,,天津
2020-02-26,135,0,96,3,0,0,,5,0,,,天津
2020-02-27,136,0,102,3,0,1,,6,0,,,天津
2020-02-28,136,0,105,3,0,0,,3,0,,,天津
2020-02-29,136,0,109,3,0,0,,4,0,,,天津
2020-03-01,136,0,118,3,0,0,,9,0,,,天津
2020-03-02,136,0,118,3,0,0,,0,0,,,天津
2020-03-03,136,0,124,3,0,0,,6,0,,,天津
2020-03-04,136,0,128,3,0,0,,4,0,,,天津
2020-03-05,136,0,128,3,0,0,,0,0,,,天津
2020-03-06,136,0,128,3,0,0,,0,0,,,天津
2020-03-07,136,0,128,3,0,0,,0,0,,,天津
2020-03-08,136,0,129,3,0,0,,1,0,,,天津
2020-03-09,136,0,130,3,0,0,,1,0,,,天津
2020-03-10,136,0,131,3,0,0,,1,0,,,天津
2020-03-11,136,0,132,3,0,0,,1,0,,,天津
2020-03-12,136,0,132,3,0,0,,0,0,,,天津
2020-03-13,136,0,132,3,0,0,,0,0,,,天津
2020-03-14,136,0,132,3,0,0,,0,0,,,天津
2020-03-15,136,0,133,3,0,0,,1,0,,,天津
2020-03-16,136,0,133,3,0,0,,0,0,,,天津
2020-03-17,136,0,133,3,0,0,,0,0,,,天津
2020-03-18,136,0,133,3,0,0,,0,0,,,天津
2020-03-19,137,0,133,3,0,1,,0,0,,,天津
2020-03-20,137,0,133,3,0,0,,0,0,,,天津
2020-03-21,137,0,133,3,0,0,,0,0,,,天津
2020-03-22,137,0,133,3,0,0,,0,0,,,天津
2020-03-23,141,0,133,3,0,4,,0,0,,,天津
2020-03-24,145,0,133,3,0,4,,0,0,,,天津
2020-03-25,147,0,133,3,0,2,,0,0,,,天津
2020-03-26,151,0,133,3,0,4,,0,0,,,天津
2020-03-27,156,0,133,3,0,5,,0,0,,,天津
2020-03-28,163,0,133,3,0,7,,0,0,,,天津
2020-03-29,166,0,133,3,0,3,,0,0,,,天津
2020-03-30,174,0,133,3,0,8,,0,0,,,天津
2020-03-31,174,0,135,3,0,0,,2,0,,,天津
2020-04-01,176,0,135,3,0,2,,0,0,,,天津
2020-01-23,5,0,0,0,0,5,,0,0,,,海南
2020-01-24,10,0,0,0,0,5,,0,0,,,海南
2020-01-25,20,1,0,0,0,10,,0,0,,,海南
2020-01-26,27,0,0,0,0,7,,0,0,,,海南
2020-01-27,38,21,0,1,0,11,,0,1,,,海南
2020-01-28,43,48,0,1,0,5,,0,0,,,海南
2020-01-29,46,66,1,1,0,3,,1,0,,,海南
2020-01-30,49,73,1,1,0,3,,0,0,,,海南
2020-01-31,57,95,1,1,0,8,,0,0,,,海南
2020-02-01,63,101,1,1,0,6,,0,0,,,海南
2020-02-02,70,113,4,1,0,7,,3,0,,,海南
2020-02-03,79,109,4,1,0,9,,0,0,,,海南
2020-02-04,89,118,4,1,0,10,,0,0,,,海南
2020-02-05,100,0,5,1,0,11,0.0,1,0,,,海南
2020-02-06,111,150,8,2,0,11,53.0,3,1,,,海南
2020-02-07,123,150,11,2,0,12,0.0,3,0,,,海南
2020-02-08,128,0,15,2,0,5,,4,0,,,海南
2020-02-09,136,0,19,3,0,8,,4,1,,,海南
2020-02-10,142,0,19,3,0,6,,0,0,,,海南
2020-02-11,145,0,20,3,0,3,,1,0,,,海南
2020-02-12,157,0,27,4,0,12,,7,1,,,海南
2020-02-13,157,0,30,4,0,0,,3,0,,,海南
2020-02-14,162,0,38,4,0,5,,8,0,,,海南
2020-02-15,162,0,39,4,0,0,,1,0,,,海南
2020-02-16,162,0,52,4,0,0,,13,0,,,海南
2020-02-17,163,0,59,4,0,1,,7,0,,,海南
2020-02-18,163,0,79,4,0,0,,20,0,,,海南
2020-02-19,168,0,84,4,0,5,0.0,5,0,,,海南
2020-02-20,168,0,89,4,0,0,,5,0,,,海南
2020-02-21,168,0,96,4,0,0,,7,0,,,海南
2020-02-22,168,0,104,4,0,0,,8,0,,,海南
2020-02-23,168,0,106,5,0,0,,2,1,,,海南
2020-02-24,168,0,116,5,0,0,,10,0,,,海南
2020-02-25,168,0,124,5,0,0,,8,0,,,海南
2020-02-26,168,0,129,5,0,0,,5,0,,,海南
2020-02-27,168,0,132,5,0,0,,3,0,,,海南
2020-02-28,168,0,136,5,0,0,,4,0,,,海南
2020-02-29,168,0,148,5,0,0,,12,0,,,海南
2020-03-01,168,0,151,5,0,0,,3,0,,,海南
2020-03-02,168,0,151,5,0,0,,0,0,,,海南
2020-03-03,168,0,155,5,0,0,,4,0,,,海南
2020-03-04,168,0,158,5,0,0,,3,0,,,海南
2020-03-05,168,0,158,6,0,0,,0,1,,,海南
2020-03-06,168,0,158,6,0,0,,0,0,,,海南
2020-03-07,168,0,158,6,0,0,,0,0,,,海南
2020-03-08,168,0,159,6,0,0,,1,0,,,海南
2020-03-09,168,0,159,6,0,0,,0,0,,,海南
2020-03-10,168,0,159,6,0,0,,0,0,,,海南
2020-03-11,168,0,160,6,0,0,,1,0,,,海南
2020-03-12,168,0,160,6,0,0,,0,0,,,海南
2020-03-13,168,0,160,6,0,0,,0,0,,,海南
2020-03-14,168,0,160,6,0,0,,0,0,,,海南
2020-03-15,168,0,160,6,0,0,,0,0,,,海南
2020-03-16,168,0,161,6,0,0,,1,0,,,海南
2020-03-17,168,0,161,6,0,0,,0,0,,,海南
2020-03-18,168,0,161,6,0,0,,0,0,,,海南
2020-03-19,168,0,161,6,0,0,,0,0,,,海南
2020-03-20,168,0,161,6,0,0,,0,0,,,海南
2020-03-21,168,0,161,6,0,0,,0,0,,,海南
2020-03-22,168,0,161,6,0,0,,0,0,,,海南
2020-03-23,168,0,161,6,0,0,,0,0,,,海南
2020-03-24,168,0,162,6,0,0,,1,0,,,海南
2020-03-25,168,0,162,6,0,0,,0,0,,,海南
2020-03-26,168,0,162,6,0,0,,0,0,,,海南
2020-03-27,168,0,162,6,0,0,,0,0,,,海南
2020-03-28,168,0,162,6,0,0,,0,0,,,海南
2020-03-29,168,0,162,6,0,0,,0,0,,,海南
2020-03-30,168,0,162,6,0,0,,0,0,,,海南
2020-03-31,168,0,162,6,0,0,,0,0,,,海南
2020-01-21,0,1,0,0,0,0,,0,0,,,贵州
2020-01-22,3,0,0,0,0,3,,0,0,,,贵州
2020-01-23,3,0,0,0,0,0,,0,0,,,贵州
2020-01-24,4,0,0,0,0,1,,0,0,,,贵州
2020-01-25,5,2,0,0,0,1,,0,0,,,贵州
2020-01-26,7,3,0,0,0,2,,0,0,,,贵州
2020-01-27,9,1,0,0,0,2,,0,0,,,贵州
2020-01-28,9,3,1,0,0,0,,1,0,,,贵州
2020-01-29,12,6,1,0,0,3,,0,0,,,贵州
2020-01-30,15,75,1,0,0,3,,0,0,,,贵州
2020-01-31,29,67,2,0,0,14,,1,0,,,贵州
2020-02-01,38,59,2,0,0,9,,0,0,,,贵州
2020-02-02,46,41,2,0,0,8,,0,0,,,贵州
2020-02-03,56,33,2,0,0,10,,0,0,,,贵州
2020-02-04,64,33,5,0,0,8,,3,0,,,贵州
2020-02-05,69,0,6,1,0,5,0.0,1,1,,,贵州
2020-02-06,77,54,6,1,0,8,38.0,0,0,,,贵州
2020-02-07,81,0,6,1,0,4,,0,0,,,贵州
2020-02-08,96,0,7,1,0,15,,1,0,,,贵州
2020-02-09,109,0,7,1,0,13,0.0,0,0,,,贵州
2020-02-10,118,0,10,1,0,9,,3,0,,,贵州
2020-02-11,131,0,17,1,0,13,0.0,7,0,,,贵州
2020-02-12,135,0,20,1,0,4,,3,0,,,贵州
2020-02-13,140,0,28,1,0,5,,8,0,,,贵州
2020-02-14,143,0,33,1,0,3,,5,0,,,贵州
2020-02-15,144,0,39,1,0,1,,6,0,,,贵州
2020-02-16,146,0,47,1,0,2,,8,0,,,贵州
2020-02-17,146,0,66,1,0,0,,19,0,,,贵州
2020-02-18,146,0,69,2,0,0,,3,1,,,贵州
2020-02-19,146,0,71,2,0,0,,2,0,,,贵州
2020-02-20,146,0,76,2,0,0,,5,0,,,贵州
2020-02-21,146,0,90,2,0,0,,14,0,,,贵州
2020-02-22,146,0,91,2,0,0,,1,0,,,贵州
2020-02-23,146,0,102,2,0,0,,11,0,,,贵州
2020-02-24,146,0,103,2,0,0,,1,0,,,贵州
2020-02-25,146,0,104,2,0,0,,1,0,,,贵州
2020-02-26,146,0,112,2,0,0,,8,0,,,贵州
2020-02-27,146,0,112,2,0,0,,0,0,,,贵州
2020-02-28,146,0,112,2,0,0,,0,0,,,贵州
2020-02-29,146,0,112,2,0,0,,0,0,,,贵州
2020-03-01,146,0,114,2,0,0,,2,0,,,贵州
2020-03-02,146,0,114,2,0,0,,0,0,,,贵州
2020-03-03,146,0,114,2,0,0,,0,0,,,贵州
2020-03-04,146,0,114,2,0,0,,0,0,,,贵州
2020-03-05,146,0,114,2,0,0,,0,0,,,贵州
2020-03-06,146,0,115,2,0,0,,1,0,,,贵州
2020-03-07,146,0,117,2,0,0,,2,0,,,贵州
2020-03-08,146,0,123,2,0,0,,6,0,,,贵州
2020-03-09,146,0,129,2,0,0,,6,0,,,贵州
2020-03-10,146,0,133,2,0,0,,4,0,,,贵州
2020-03-11,146,0,137,2,0,0,,4,0,,,贵州
2020-03-12,146,0,140,2,0,0,,3,0,,,贵州
2020-03-13,146,0,143,2,0,0,,3,0,,,贵州
2020-03-14,146,0,143,2,0,0,,0,0,,,贵州
2020-03-15,146,0,143,2,0,0,,0,0,,,贵州
2020-03-16,146,0,144,2,0,0,,1,0,,,贵州
2020-03-17,146,0,144,2,0,0,,0,0,,,贵州
2020-03-18,146,0,144,2,0,0,,0,0,,,贵州
2020-03-19,146,0,144,2,0,0,,0,0,,,贵州
2020-03-20,146,0,144,2,0,0,,0,0,,,贵州
2020-03-21,146,0,144,2,0,0,,0,0,,,贵州
2020-03-22,146,0,144,2,0,0,,0,0,,,贵州
2020-03-23,146,0,144,2,0,0,,0,0,,,贵州
2020-03-24,146,0,144,2,0,0,,0,0,,,贵州
2020-03-25,146,0,144,2,0,0,,0,0,,,贵州
2020-03-26,146,0,144,2,0,0,,0,0,,,贵州
2020-03-27,146,0,144,2,0,0,,0,0,,,贵州
2020-03-28,147,0,144,2,0,1,,0,0,,,贵州
2020-03-29,147,0,144,2,0,0,,0,0,,,贵州
2020-03-30,147,0,144,2,0,0,,0,0,,,贵州
2020-03-31,147,0,144,2,0,0,,0,0,,,贵州
2020-01-22,2,0,0,0,0,2,,0,0,,,辽宁
2020-01-23,4,0,0,0,0,2,,0,0,,,辽宁
2020-01-24,12,0,0,0,0,8,,0,0,,,辽宁
2020-01-25,17,24,0,0,0,5,,0,0,,,辽宁
2020-01-26,22,40,0,0,0,5,,0,0,,,辽宁
2020-01-27,27,52,0,0,0,5,,0,0,,,辽宁
2020-01-28,36,72,0,0,0,9,,0,0,,,辽宁
2020-01-29,39,85,1,0,0,3,,1,0,,,辽宁
2020-01-30,45,89,1,0,0,6,,0,0,,,辽宁
2020-01-31,60,122,1,0,0,15,,0,0,,,辽宁
2020-02-01,64,116,1,0,0,4,,0,0,,,辽宁
2020-02-02,70,113,1,0,0,6,,0,0,,,辽宁
2020-02-03,74,120,1,0,0,4,,0,0,,,辽宁
2020-02-04,81,127,2,0,0,7,,1,0,,,辽宁
2020-02-05,89,0,4,0,0,8,0.0,2,0,,,辽宁
2020-02-06,94,71,5,0,0,5,47.0,1,0,,,辽宁
2020-02-07,103,71,8,0,0,9,0.0,3,0,,,辽宁
2020-02-08,105,0,8,0,0,2,,0,0,,,辽宁
2020-02-09,108,0,12,0,0,3,,4,0,,,辽宁
2020-02-10,111,0,18,0,0,3,0.0,6,0,,,辽宁
2020-02-11,116,0,19,0,0,5,0.0,1,0,,,辽宁
2020-02-12,116,0,20,1,0,0,,1,1,,,辽宁
2020-02-13,117,0,22,1,0,1,,2,0,,,辽宁
2020-02-14,119,0,29,1,0,2,,7,0,,,辽宁
2020-02-15,120,0,32,1,0,1,0.0,3,0,,,辽宁
2020-02-16,121,0,41,1,0,1,,9,0,,,辽宁
2020-02-17,121,0,43,1,0,0,,2,0,,,辽宁
2020-02-18,121,0,55,1,0,0,,12,0,,,辽宁
2020-02-19,121,0,58,1,0,0,,3,0,,,辽宁
2020-02-20,121,0,61,1,0,0,,3,0,,,辽宁
2020-02-21,121,0,66,1,0,0,,5,0,,,辽宁
2020-02-22,121,0,68,1,0,0,,2,0,,,辽宁
2020-02-23,121,0,73,1,0,0,,5,0,,,辽宁
2020-02-24,121,0,83,1,0,0,,10,0,,,辽宁
2020-02-25,121,0,88,1,0,0,,5,0,,,辽宁
2020-02-26,121,0,92,1,0,0,,4,0,,,辽宁
2020-02-27,121,0,93,1,0,0,,1,0,,,辽宁
2020-02-28,121,0,95,1,0,0,,2,0,,,辽宁
2020-02-29,122,0,101,1,0,1,,6,0,,,辽宁
2020-03-01,122,0,103,1,0,0,,2,0,,,辽宁
2020-03-02,125,0,103,1,0,3,,0,0,,,辽宁
2020-03-03,125,0,106,1,0,0,,3,0,,,辽宁
2020-03-04,125,0,106,1,0,0,,0,0,,,辽宁
2020-03-05,125,0,106,1,0,0,,0,0,,,辽宁
2020-03-06,125,0,106,1,0,0,,0,0,,,辽宁
2020-03-07,125,0,108,1,0,0,,2,0,,,辽宁
2020-03-08,125,0,109,1,0,0,,1,0,,,辽宁
2020-03-09,125,0,110,1,0,0,,1,0,,,辽宁
2020-03-10,125,0,111,1,0,0,,1,0,,,辽宁
2020-03-11,125,0,111,1,0,0,,0,0,,,辽宁
2020-03-12,125,0,112,1,0,0,,1,0,,,辽宁
2020-03-13,125,0,113,1,0,0,,1,0,,,辽宁
2020-03-14,125,0,113,1,0,0,,0,0,,,辽宁
2020-03-15,125,0,114,1,0,0,,1,0,,,辽宁
2020-03-16,125,0,119,1,0,0,,5,0,,,辽宁
2020-03-17,125,0,122,1,0,0,,3,0,,,辽宁
2020-03-18,125,0,122,1,0,0,,0,0,,,辽宁
2020-03-19,126,0,122,2,0,1,0.0,0,1,0.0,,辽宁
2020-03-20,126,0,122,2,0,0,,0,0,,,辽宁
2020-03-21,126,0,122,2,0,0,,0,0,,,辽宁
2020-03-22,126,0,124,2,0,0,,2,0,,,辽宁
2020-03-23,127,0,124,2,0,1,,0,0,,,辽宁
2020-03-24,127,0,124,2,0,0,,0,0,,,辽宁
2020-03-25,127,0,124,2,0,0,,0,0,,,辽宁
2020-03-26,128,0,124,2,0,1,,0,0,,,辽宁
2020-03-27,131,0,124,2,0,3,,0,0,,,辽宁
2020-03-28,134,0,124,2,0,3,,0,0,,,辽宁
2020-03-29,136,0,124,2,0,2,,0,0,,,辽宁
2020-03-30,139,0,124,2,0,3,,0,0,,,辽宁
2020-03-31,140,0,124,2,0,1,,0,0,,,辽宁
2020-01-26,14,6,0,0,0,14,0.0,0,0,,,甘肃
2020-01-27,19,2,0,0,0,5,,0,0,,,甘肃
2020-01-28,24,5,0,0,0,5,,0,0,,,甘肃
2020-01-29,26,8,0,0,0,2,,0,0,,,甘肃
2020-01-30,30,15,0,0,0,4,,0,0,,,甘肃
2020-01-31,35,15,0,0,0,5,,0,0,,,甘肃
2020-02-01,40,20,0,0,0,5,,0,0,,,甘肃
2020-02-02,51,9,3,0,0,11,,3,0,,,甘肃
2020-02-03,56,9,3,0,0,5,,0,0,,,甘肃
2020-02-04,57,18,6,0,0,1,,3,0,,,甘肃
2020-02-05,62,0,6,0,0,5,0.0,0,0,,,甘肃
2020-02-06,67,0,9,0,0,5,6.0,3,0,,,甘肃
2020-02-07,71,0,9,1,0,4,0.0,0,1,,,甘肃
2020-02-08,79,0,12,1,0,8,,3,0,,,甘肃
2020-02-09,83,0,16,2,0,4,,4,1,,,甘肃
2020-02-10,86,0,21,2,0,3,,5,0,,,甘肃
2020-02-11,86,0,24,2,0,0,,3,0,,,甘肃
2020-02-12,87,0,31,2,0,1,,7,0,,,甘肃
2020-02-13,90,0,39,2,0,3,,8,0,,,甘肃
2020-02-14,90,0,44,2,0,0,,5,0,,,甘肃
2020-02-15,90,0,49,2,0,0,,5,0,,,甘肃
2020-02-16,90,0,54,2,0,0,,5,0,,,甘肃
2020-02-17,91,0,58,2,0,1,,4,0,,,甘肃
2020-02-18,91,0,62,2,0,0,,4,0,,,甘肃
2020-02-19,91,0,65,2,0,0,,3,0,,,甘肃
2020-02-20,91,0,71,2,0,0,,6,0,,,甘肃
2020-02-21,91,0,76,2,0,0,,5,0,,,甘肃
2020-02-22,91,0,76,2,0,0,,0,0,,,甘肃
2020-02-23,91,0,78,2,0,0,,2,0,,,甘肃
2020-02-24,91,0,80,2,0,0,,2,0,,,甘肃
2020-02-25,91,0,80,2,0,0,,0,0,,,甘肃
2020-02-26,91,0,81,2,0,0,,1,0,,,甘肃
2020-02-27,91,0,82,2,0,0,,1,0,,,甘肃
2020-02-28,91,0,82,2,0,0,,0,0,,,甘肃
2020-02-29,91,0,82,2,0,0,,0,0,,,甘肃
2020-03-01,91,0,84,2,0,0,,2,0,,,甘肃
2020-03-02,91,0,85,2,0,0,,1,0,,,甘肃
2020-03-03,91,0,86,2,0,0,,1,0,,,甘肃
2020-03-04,91,0,87,2,0,0,,1,0,,,甘肃
2020-03-05,102,0,87,2,0,11,,0,0,,,甘肃
2020-03-06,119,0,87,2,0,17,,0,0,,,甘肃
2020-03-07,120,0,87,2,0,1,,0,0,,,甘肃
2020-03-08,124,0,87,2,0,4,,0,0,,,甘肃
2020-03-09,124,0,88,2,0,0,,1,0,,,甘肃
2020-03-10,125,0,88,2,0,1,,0,0,,,甘肃
2020-03-11,127,0,88,2,0,2,,0,0,,,甘肃
2020-03-12,127,0,88,2,0,0,,0,0,,,甘肃
2020-03-13,129,0,89,2,0,2,0.0,1,0,0.0,,甘肃
2020-03-14,132,0,91,2,0,3,,2,0,,,甘肃
2020-03-15,133,0,91,2,0,1,,0,0,,,甘肃
2020-03-16,133,0,91,2,0,0,,0,0,,,甘肃
2020-03-17,133,0,91,2,0,0,,0,0,,,甘肃
2020-03-18,133,0,91,2,0,0,,0,0,,,甘肃
2020-03-19,134,0,98,2,0,1,,7,0,,,甘肃
2020-03-20,134,0,113,2,0,0,,15,0,,,甘肃
2020-03-21,134,0,113,2,0,0,,0,0,,,甘肃
2020-03-22,136,0,114,2,0,2,,1,0,,,甘肃
2020-03-23,136,0,118,2,0,0,,4,0,,,甘肃
2020-03-24,136,0,119,2,0,0,,1,0,,,甘肃
2020-03-25,136,0,121,2,0,0,,2,0,,,甘肃
2020-03-26,136,0,123,2,0,0,,2,0,,,甘肃
2020-03-27,136,0,125,2,0,0,,2,0,,,甘肃
2020-03-28,136,0,125,2,0,0,,0,0,,,甘肃
2020-03-29,138,0,125,2,0,2,,0,0,,,甘肃
2020-03-30,138,0,125,2,0,0,,0,0,,,甘肃
2020-01-24,6,19,0,0,0,6,,0,0,,,山西
2020-01-25,9,28,0,0,0,3,,0,0,,,山西
2020-01-26,13,57,0,0,0,4,,0,0,,,山西
2020-01-27,20,44,0,0,0,7,,0,0,,,山西
2020-01-28,27,41,0,0,0,7,,0,0,,,山西
2020-01-29,35,54,0,0,0,8,,0,0,,,山西
2020-01-30,39,67,1,0,0,4,,1,0,,,山西
2020-01-31,47,75,1,0,0,8,,0,0,,,山西
2020-02-01,56,64,1,0,0,9,,0,0,,,山西
2020-02-02,66,64,2,0,0,10,,1,0,,,山西
2020-02-03,74,62,2,0,0,8,,0,0,,,山西
2020-02-04,81,42,4,0,0,7,,2,0,,,山西
2020-02-05,90,0,6,0,0,9,0.0,2,0,,,山西
2020-02-06,96,54,12,0,0,6,22.0,6,0,,,山西
2020-02-07,104,0,15,0,0,8,0.0,3,0,,,山西
2020-02-08,115,0,21,0,0,11,,6,0,,,山西
2020-02-09,119,0,25,0,0,4,0.0,4,0,,,山西
2020-02-10,122,0,26,0,0,3,,1,0,,,山西
2020-02-11,124,0,30,0,0,2,,4,0,,,山西
2020-02-12,126,0,33,0,0,2,,3,0,,,山西
2020-02-13,126,0,36,0,0,0,,3,0,,,山西
2020-02-14,127,0,38,0,0,1,,2,0,,,山西
2020-02-15,128,0,46,0,0,1,,8,0,,,山西
2020-02-16,129,32,50,0,0,1,5.0,4,0,,,山西
2020-02-17,130,0,53,0,0,1,,3,0,,,山西
2020-02-18,131,0,61,0,0,1,,8,0,,,山西
2020-02-19,131,0,68,0,0,0,0.0,7,0,,,山西
2020-02-20,132,0,76,0,0,1,,8,0,,,山西
2020-02-21,132,0,78,0,0,0,,2,0,,,山西
2020-02-22,132,0,81,0,0,0,,3,0,,,山西
2020-02-23,132,0,88,0,0,0,,7,0,,,山西
2020-02-24,133,0,94,0,0,1,0.0,6,0,,,山西
2020-02-25,133,0,98,0,0,0,0.0,4,0,,,山西
2020-02-26,133,0,104,0,0,0,,6,0,,,山西
2020-02-27,133,0,107,0,0,0,,3,0,,,山西
2020-02-28,133,0,112,0,0,0,,5,0,,,山西
2020-02-29,133,0,114,0,0,0,,2,0,,,山西
2020-03-01,133,0,116,0,0,0,0.0,2,0,,,山西
2020-03-02,133,0,119,0,0,0,0.0,3,0,,,山西
2020-03-03,133,0,124,0,0,0,,5,0,,,山西
2020-03-04,133,0,124,0,0,0,,0,0,,,山西
2020-03-05,133,0,126,0,0,0,,2,0,,,山西
2020-03-06,133,0,126,0,0,0,,0,0,,,山西
2020-03-07,133,0,126,0,0,0,,0,0,,,山西
2020-03-08,133,0,126,0,0,0,,0,0,,,山西
2020-03-09,133,0,127,0,0,0,,1,0,,,山西
2020-03-10,133,0,131,0,0,0,0.0,4,0,0.0,,山西
2020-03-11,133,0,131,0,0,0,,0,0,,,山西
2020-03-12,133,0,132,0,0,0,,1,0,,,山西
2020-03-13,133,0,133,0,0,0,0.0,1,0,0.0,,山西
2020-03-14,133,0,133,0,0,0,0.0,0,0,0.0,,山西
2020-03-15,133,0,133,0,0,0,,0,0,,,山西
2020-03-16,133,0,133,0,0,0,,0,0,,,山西
2020-03-17,133,0,133,0,0,0,,0,0,,,山西
2020-03-18,133,0,133,0,0,0,,0,0,,,山西
2020-03-19,133,0,133,0,0,0,,0,0,,,山西
2020-03-20,133,0,133,0,0,0,,0,0,,,山西
2020-03-21,133,0,133,0,0,0,,0,0,,,山西
2020-03-22,133,0,133,0,0,0,,0,0,,,山西
2020-03-23,134,0,133,0,0,1,,0,0,,,山西
2020-03-24,134,0,133,0,0,0,,0,0,,,山西
2020-03-25,135,0,133,0,0,1,,0,0,,,山西
2020-03-26,135,0,133,0,0,0,,0,0,,,山西
2020-03-27,135,0,133,0,0,0,,0,0,,,山西
2020-03-28,136,0,133,0,0,1,,0,0,,,山西
2020-03-29,136,0,133,0,0,0,,0,0,,,山西
2020-03-30,136,0,133,0,0,0,,0,0,,,山西
2020-03-31,137,0,133,0,0,1,,0,0,,,山西
2020-01-24,2,5,0,0,0,2,,0,0,,,内蒙古
2020-01-25,7,0,0,0,0,5,,0,0,,,内蒙古
2020-01-26,11,1,0,0,0,4,,0,0,,,内蒙古
2020-01-27,13,2,0,0,0,2,,0,0,,,内蒙古
2020-01-28,16,3,0,0,0,3,,0,0,,,内蒙古
2020-01-29,18,0,0,0,0,2,,0,0,,,内蒙古
2020-01-30,20,1,1,0,0,2,,1,0,,,内蒙古
2020-01-31,23,4,1,0,0,3,,0,0,,,内蒙古
2020-02-01,26,7,1,0,0,3,,0,0,,,内蒙古
2020-02-02,33,4,1,0,0,7,,0,0,,,内蒙古
2020-02-03,37,2,1,0,0,4,,0,0,,,内蒙古
2020-02-04,42,1,1,0,0,5,,0,0,,,内蒙古
2020-02-05,46,0,4,0,0,4,0.0,3,0,,,内蒙古
2020-02-06,46,0,4,0,0,0,0.0,0,0,,,内蒙古
2020-02-07,52,0,5,0,0,6,0.0,1,0,,,内蒙古
2020-02-08,54,0,5,0,0,2,,0,0,,,内蒙古
2020-02-09,58,0,5,0,0,4,,0,0,,,内蒙古
2020-02-10,58,0,5,0,0,0,,0,0,,,内蒙古
2020-02-11,60,0,5,0,0,2,,0,0,,,内蒙古
2020-02-12,61,0,6,0,0,1,,1,0,,,内蒙古
2020-02-13,65,0,6,0,0,4,,0,0,,,内蒙古
2020-02-14,68,0,6,0,0,3,,0,0,,,内蒙古
2020-02-15,70,0,7,0,0,2,,1,0,,,内蒙古
2020-02-16,72,0,8,0,0,2,,1,0,,,内蒙古
2020-02-17,73,0,8,0,0,1,,0,0,,,内蒙古
2020-02-18,75,0,9,0,0,2,,1,0,,,内蒙古
2020-02-19,75,0,11,0,0,0,,2,0,,,内蒙古
2020-02-20,75,0,16,0,0,0,,5,0,,,内蒙古
2020-02-21,75,0,22,0,0,0,,6,0,,,内蒙古
2020-02-22,75,0,26,0,0,0,,4,0,,,内蒙古
2020-02-23,75,0,30,0,0,0,,4,0,,,内蒙古
2020-02-24,75,0,34,0,0,0,,4,0,,,内蒙古
2020-02-25,75,0,35,0,0,0,,1,0,,,内蒙古
2020-02-26,75,0,38,0,0,0,,3,0,,,内蒙古
2020-02-27,75,0,43,0,0,0,,5,0,,,内蒙古
2020-02-28,75,0,46,0,0,0,,3,0,,,内蒙古
2020-02-29,75,0,51,0,0,0,,5,0,,,内蒙古
2020-03-01,75,0,51,0,0,0,,0,0,,,内蒙古
2020-03-02,75,0,54,0,0,0,,3,0,,,内蒙古
2020-03-03,75,0,59,1,0,0,,5,1,,,内蒙古
2020-03-04,75,0,63,1,0,0,,4,0,,,内蒙古
2020-03-05,75,0,65,1,0,0,,2,0,,,内蒙古
2020-03-06,75,0,65,1,0,0,,0,0,,,内蒙古
2020-03-07,75,0,68,1,0,0,,3,0,,,内蒙古
2020-03-08,75,0,70,1,0,0,,2,0,,,内蒙古
2020-03-09,75,0,70,1,0,0,,0,0,,,内蒙古
2020-03-10,75,0,70,1,0,0,,0,0,,,内蒙古
2020-03-11,75,0,71,1,0,0,,1,0,,,内蒙古
2020-03-12,75,0,71,1,0,0,,0,0,,,内蒙古
2020-03-13,75,0,71,1,0,0,,0,0,,,内蒙古
2020-03-14,75,0,71,1,0,0,,0,0,,,内蒙古
2020-03-15,75,0,71,1,0,0,,0,0,,,内蒙古
2020-03-16,75,0,73,1,0,0,,2,0,,,内蒙古
2020-03-17,75,0,73,1,0,0,,0,0,,,内蒙古
2020-03-18,75,0,74,1,0,0,,1,0,,,内蒙古
2020-03-19,75,0,74,1,0,0,,0,0,,,内蒙古
2020-03-20,75,0,74,1,0,0,,0,0,,,内蒙古
2020-03-21,75,0,74,1,0,0,,0,0,,,内蒙古
2020-03-22,75,0,74,1,0,0,,0,0,,,内蒙古
2020-03-23,75,0,74,1,0,0,,0,0,,,内蒙古
2020-03-24,77,2,74,1,0,2,0.0,0,0,0.0,,内蒙古
2020-03-25,89,0,74,1,0,12,,0,0,,,内蒙古
2020-03-26,92,0,74,1,0,3,,0,0,,,内蒙古
2020-03-27,94,0,74,1,0,2,,0,0,,,内蒙古
2020-03-28,95,0,74,1,0,1,,0,0,,,内蒙古
2020-03-29,97,0,74,1,0,2,,0,0,,,内蒙古
2020-03-30,107,0,74,1,0,10,,0,0,,,内蒙古
2020-03-31,111,0,74,1,0,4,,0,0,,,内蒙古
2020-01-23,3,0,0,0,0,3,,0,0,,,吉林
2020-01-24,4,0,0,0,0,1,,0,0,,,吉林
2020-01-25,4,3,0,0,0,0,,0,0,,,吉林
2020-01-26,6,3,0,0,0,2,,0,0,,,吉林
2020-01-27,8,3,0,0,0,2,,0,0,,,吉林
2020-01-28,9,2,0,0,0,1,,0,0,,,吉林
2020-01-29,14,10,0,0,0,5,,0,0,,,吉林
2020-01-30,14,10,1,0,0,0,,1,0,,,吉林
2020-01-31,17,10,1,0,0,3,,0,0,,,吉林
2020-02-01,23,14,1,0,0,6,,0,0,,,吉林
2020-02-02,31,17,1,0,0,8,,0,0,,,吉林
2020-02-03,42,24,1,0,0,11,,0,0,,,吉林
2020-02-04,54,58,1,0,0,12,,0,0,,,吉林
2020-02-05,59,0,2,0,0,5,0.0,1,0,,,吉林
2020-02-06,65,71,4,1,0,6,29.0,2,1,,,吉林
2020-02-07,69,71,4,1,0,4,0.0,0,0,,,吉林
2020-02-08,78,0,5,1,0,9,,1,0,,,吉林
2020-02-09,80,0,12,1,0,2,,7,0,,,吉林
2020-02-10,81,0,13,1,0,1,,1,0,,,吉林
2020-02-11,83,0,18,1,0,2,,5,0,,,吉林
2020-02-12,84,0,22,1,0,1,,4,0,,,吉林
2020-02-13,86,0,25,1,0,2,,3,0,,,吉林
2020-02-14,88,0,25,1,0,2,,0,0,,,吉林
2020-02-15,89,0,28,1,0,1,,3,0,,,吉林
2020-02-16,89,0,30,1,0,0,,2,0,,,吉林
2020-02-17,89,0,34,1,0,0,,4,0,,,吉林
2020-02-18,90,0,36,1,0,1,,2,0,,,吉林
2020-02-19,91,0,40,1,0,1,,4,0,,,吉林
2020-02-20,91,0,44,1,0,0,,4,0,,,吉林
2020-02-21,91,0,46,1,0,0,,2,0,,,吉林
2020-02-22,91,0,52,1,0,0,,6,0,,,吉林
2020-02-23,93,0,54,1,0,2,,2,0,,,吉林
2020-02-24,93,0,60,1,0,0,,6,0,,,吉林
2020-02-25,93,0,63,1,0,0,,3,0,,,吉林
2020-02-26,93,0,65,1,0,0,,2,0,,,吉林
2020-02-27,93,0,68,1,0,0,,3,0,,,吉林
2020-02-28,93,0,73,1,0,0,,5,0,,,吉林
2020-02-29,93,0,75,1,0,0,,2,0,,,吉林
2020-03-01,93,0,78,1,0,0,,3,0,,,吉林
2020-03-02,93,0,83,1,0,0,,5,0,,,吉林
2020-03-03,93,0,84,1,0,0,,1,0,,,吉林
2020-03-04,93,0,86,1,0,0,,2,0,,,吉林
2020-03-05,93,0,88,1,0,0,,2,0,,,吉林
2020-03-06,93,0,90,1,0,0,,2,0,,,吉林
2020-03-07,93,0,90,1,0,0,,0,0,,,吉林
2020-03-08,93,0,90,1,0,0,,0,0,,,吉林
2020-03-09,93,0,91,1,0,0,,1,0,,,吉林
2020-03-10,93,0,91,1,0,0,,0,0,,,吉林
2020-03-11,93,0,91,1,0,0,,0,0,,,吉林
2020-03-12,93,0,91,1,0,0,,0,0,,,吉林
2020-03-13,93,0,91,1,0,0,,0,0,,,吉林
2020-03-14,93,0,91,1,0,0,,0,0,,,吉林
2020-03-15,93,0,92,1,0,0,,1,0,,,吉林
2020-03-16,93,0,92,1,0,0,,0,0,,,吉林
2020-03-17,93,0,92,1,0,0,,0,0,,,吉林
2020-03-18,93,0,92,1,0,0,,0,0,,,吉林
2020-03-19,93,0,92,1,0,0,,0,0,,,吉林
2020-03-20,93,0,92,1,0,0,,0,0,,,吉林
2020-03-21,93,0,92,1,0,0,,0,0,,,吉林
2020-03-22,93,0,92,1,0,0,,0,0,,,吉林
2020-03-23,93,0,92,1,0,0,,0,0,,,吉林
2020-03-24,94,0,92,1,0,1,,0,0,,,吉林
2020-03-25,95,0,92,1,0,1,,0,0,,,吉林
2020-03-26,95,0,92,1,0,0,,0,0,,,吉林
2020-03-27,97,0,92,1,0,2,,0,0,,,吉林
2020-03-28,98,0,92,1,0,1,,0,0,,,吉林
2020-03-29,98,0,92,1,0,0,,0,0,,,吉林
2020-03-30,98,0,92,1,0,0,,0,0,,,吉林
2020-03-31,98,0,92,1,0,0,,0,0,,,吉林
2020-01-21,0,0,0,0,0,0,,0,0,,,新疆
2020-01-22,0,0,0,0,0,0,,0,0,,,新疆
2020-01-23,2,3,0,0,0,2,,0,0,,,新疆
2020-01-24,3,0,0,0,0,1,,0,0,,,新疆
2020-01-25,4,1,0,0,0,1,,0,0,,,新疆
2020-01-26,5,6,0,0,0,1,,0,0,,,新疆
2020-01-27,10,2,0,0,0,5,,0,0,,,新疆
2020-01-28,13,3,0,0,0,3,,0,0,,,新疆
2020-01-29,14,22,0,0,0,1,,0,0,,,新疆
2020-01-30,17,28,0,0,0,3,,0,0,,,新疆
2020-01-31,18,19,0,0,0,1,,0,0,,,新疆
2020-02-01,21,21,0,0,0,3,,0,0,,,新疆
2020-02-02,24,26,0,0,0,3,,0,0,,,新疆
2020-02-03,29,33,0,0,0,5,,0,0,,,新疆
2020-02-04,32,46,0,0,0,3,,0,0,,,新疆
2020-02-05,36,0,0,0,0,4,0.0,0,0,,,新疆
2020-02-06,39,39,0,0,0,3,16.0,0,0,,,新疆
2020-02-07,42,0,0,0,0,3,,0,0,,,新疆
2020-02-08,45,0,0,0,0,3,,0,0,,,新疆
2020-02-09,49,0,0,0,0,4,,0,0,,,新疆
2020-02-10,55,0,0,0,0,6,,0,0,,,新疆
2020-02-11,59,0,3,0,0,4,,3,0,,,新疆
2020-02-12,63,0,3,1,0,4,,0,1,,,新疆
2020-02-13,65,0,6,1,0,2,0.0,3,0,,,新疆
2020-02-14,70,0,6,1,0,5,,0,0,,,新疆
2020-02-15,71,0,11,1,0,1,,5,0,,,新疆
2020-02-16,75,0,12,1,0,4,,1,0,,,新疆
2020-02-17,76,0,12,1,0,1,,0,0,,,新疆
2020-02-18,76,0,14,1,0,0,,2,0,,,新疆
2020-02-19,76,0,20,1,0,0,,6,0,,,新疆
2020-02-20,76,0,22,1,0,0,,2,0,,,新疆
2020-02-21,76,0,24,2,0,0,,2,1,,,新疆
2020-02-22,76,0,25,2,0,0,,1,0,,,新疆
2020-02-23,76,0,28,2,0,0,,3,0,,,新疆
2020-02-24,76,0,30,2,0,0,,2,0,,,新疆
2020-02-25,76,0,30,2,0,0,,0,0,,,新疆
2020-02-26,76,0,34,2,0,0,,4,0,,,新疆
2020-02-27,76,0,43,3,0,0,,9,1,,,新疆
2020-02-28,76,0,52,3,0,0,,9,0,,,新疆
2020-02-29,76,0,62,3,0,0,,10,0,,,新疆
2020-03-01,76,0,64,3,0,0,,2,0,,,新疆
2020-03-02,76,0,67,3,0,0,,3,0,,,新疆
2020-03-03,76,0,68,3,0,0,,1,0,,,新疆
2020-03-04,76,0,69,3,0,0,,1,0,,,新疆
2020-03-05,76,0,70,3,0,0,,1,0,,,新疆
2020-03-06,76,0,71,3,0,0,,1,0,,,新疆
2020-03-07,76,0,72,3,0,0,,1,0,,,新疆
2020-03-08,76,0,73,3,0,0,,1,0,,,新疆
2020-03-09,76,0,73,3,0,0,,0,0,,,新疆
2020-03-10,76,0,73,3,0,0,,0,0,,,新疆
2020-03-11,76,0,73,3,0,0,,0,0,,,新疆
2020-03-12,76,0,73,3,0,0,,0,0,,,新疆
2020-03-13,76,0,73,3,0,0,,0,0,,,新疆
2020-03-14,76,0,73,3,0,0,,0,0,,,新疆
2020-03-15,76,0,73,3,0,0,,0,0,,,新疆
2020-03-16,76,0,73,3,0,0,,0,0,,,新疆
2020-03-17,76,0,73,3,0,0,,0,0,,,新疆
2020-03-18,76,0,73,3,0,0,,0,0,,,新疆
2020-03-19,76,0,73,3,0,0,,0,0,,,新疆
2020-03-20,76,0,73,3,0,0,,0,0,,,新疆
2020-03-21,76,0,73,3,0,0,,0,0,,,新疆
2020-03-22,76,0,73,3,0,0,,0,0,,,新疆
2020-03-23,76,0,73,3,0,0,,0,0,,,新疆
2020-03-24,76,0,73,3,0,0,,0,0,,,新疆
2020-03-25,76,0,73,3,0,0,,0,0,,,新疆
2020-03-26,76,0,73,3,0,0,,0,0,,,新疆
2020-03-27,76,0,73,3,0,0,,0,0,,,新疆
2020-03-28,76,0,73,3,0,0,,0,0,,,新疆
2020-03-29,76,0,73,3,0,0,,0,0,,,新疆
2020-03-30,76,0,73,3,0,0,,0,0,,,新疆
2020-03-31,76,0,73,3,0,0,,0,0,,,新疆
2020-01-24,3,1,0,0,0,3,,0,0,,,宁夏
2020-01-25,4,1,0,0,0,1,,0,0,,,宁夏
2020-01-26,7,0,0,0,0,3,,0,0,,,宁夏
2020-01-27,11,0,0,0,0,4,,0,0,,,宁夏
2020-01-28,12,2,0,0,0,1,,0,0,,,宁夏
2020-01-29,17,1,0,0,0,5,,0,0,,,宁夏
2020-01-30,21,1,0,0,0,4,,0,0,,,宁夏
2020-01-31,26,1,0,0,0,5,,0,0,,,宁夏
2020-02-01,28,8,0,0,0,2,,0,0,,,宁夏
2020-02-02,31,12,1,0,0,3,,1,0,,,宁夏
2020-02-03,34,18,1,0,0,3,,0,0,,,宁夏
2020-02-04,34,24,1,0,0,0,,0,0,,,宁夏
2020-02-05,40,0,1,0,0,6,0.0,0,0,,,宁夏
2020-02-06,43,45,1,0,0,3,6.0,0,0,,,宁夏
2020-02-07,44,0,3,0,0,1,,2,0,,,宁夏
2020-02-08,45,0,13,0,0,1,,10,0,,,宁夏
2020-02-09,49,0,13,0,0,4,,0,0,,,宁夏
2020-02-10,53,0,14,0,0,4,,1,0,,,宁夏
2020-02-11,58,0,22,0,0,5,0.0,8,0,,,宁夏
2020-02-12,64,0,24,0,0,6,,2,0,,,宁夏
2020-02-13,67,0,24,0,0,3,,0,0,,,宁夏
2020-02-14,70,0,27,0,0,3,,3,0,,,宁夏
2020-02-15,70,0,33,0,0,0,,6,0,,,宁夏
2020-02-16,70,0,33,0,0,0,,0,0,,,宁夏
2020-02-17,70,0,35,0,0,0,,2,0,,,宁夏
2020-02-18,71,0,42,0,0,1,,7,0,,,宁夏
2020-02-19,71,0,42,0,0,0,,0,0,,,宁夏
2020-02-20,71,0,44,0,0,0,,2,0,,,宁夏
2020-02-21,71,0,48,0,0,0,,4,0,,,宁夏
2020-02-22,71,0,48,0,0,0,,0,0,,,宁夏
2020-02-23,71,0,57,0,0,0,,9,0,,,宁夏
2020-02-24,71,0,58,0,0,0,,1,0,,,宁夏
2020-02-25,71,0,61,0,0,0,,3,0,,,宁夏
2020-02-26,72,0,65,0,0,1,,4,0,,,宁夏
2020-02-27,72,0,68,0,0,0,,3,0,,,宁夏
2020-02-28,73,0,68,0,0,1,,0,0,,,宁夏
2020-02-29,73,0,69,0,0,0,,1,0,,,宁夏
2020-03-01,74,0,69,0,0,1,,0,0,,,宁夏
2020-03-02,74,0,69,0,0,0,,0,0,,,宁夏
2020-03-03,75,0,69,0,0,1,,0,0,,,宁夏
2020-03-04,75,0,69,0,0,0,,0,0,,,宁夏
2020-03-05,75,0,69,0,0,0,,0,0,,,宁夏
2020-03-06,75,0,71,0,0,0,,2,0,,,宁夏
2020-03-07,75,0,71,0,0,0,,0,0,,,宁夏
2020-03-08,75,0,71,0,0,0,,0,0,,,宁夏
2020-03-09,75,0,71,0,0,0,,0,0,,,宁夏
2020-03-10,75,0,71,0,0,0,,0,0,,,宁夏
2020-03-11,75,0,73,0,0,0,,2,0,,,宁夏
2020-03-12,75,0,73,0,0,0,,0,0,,,宁夏
2020-03-13,75,0,73,0,0,0,,0,0,,,宁夏
2020-03-14,75,0,73,0,0,0,,0,0,,,宁夏
2020-03-15,75,0,73,0,0,0,,0,0,,,宁夏
2020-03-16,75,0,75,0,0,0,,2,0,,,宁夏
2020-03-17,75,0,75,0,0,0,,0,0,,,宁夏
2020-03-18,75,0,75,0,0,0,,0,0,,,宁夏
2020-03-19,75,0,75,0,0,0,,0,0,,,宁夏
2020-03-20,75,0,75,0,0,0,,0,0,,,宁夏
2020-03-21,75,0,75,0,0,0,,0,0,,,宁夏
2020-03-22,75,0,75,0,0,0,,0,0,,,宁夏
2020-03-23,75,0,75,0,0,0,,0,0,,,宁夏
2020-03-24,75,0,75,0,0,0,,0,0,,,宁夏
2020-03-25,75,0,75,0,0,0,,0,0,,,宁夏
2020-03-26,75,0,75,0,0,0,,0,0,,,宁夏
2020-03-27,75,0,75,0,0,0,,0,0,,,宁夏
2020-03-28,75,0,75,0,0,0,,0,0,,,宁夏
2020-03-29,75,0,75,0,0,0,,0,0,,,宁夏
2020-03-30,75,0,75,0,0,0,,0,0,,,宁夏
2020-03-31,75,0,75,0,0,0,,0,0,,,宁夏
2020-01-21,1,0,1,0,0,1,,1,0,,,澳门
2020-01-22,1,0,1,0,0,0,,0,0,,,澳门
2020-01-23,2,0,1,0,0,1,,0,0,,,澳门
2020-01-24,2,0,1,0,0,0,,0,0,,,澳门
2020-01-25,2,0,1,0,0,0,,0,0,,,澳门
2020-01-26,5,0,1,0,0,3,,0,0,,,澳门
2020-01-27,7,0,1,0,0,2,,0,0,,,澳门
2020-01-28,7,0,0,0,0,0,,0,0,,,澳门
2020-01-29,7,0,0,0,0,0,,0,0,,,澳门
2020-01-30,7,0,0,0,0,0,,0,0,,,澳门
2020-01-31,7,0,0,0,0,0,,0,0,,,澳门
2020-02-01,7,0,0,0,0,0,,0,0,,,澳门
2020-02-02,8,0,0,0,0,1,,0,0,,,澳门
2020-02-03,8,0,0,0,0,0,,0,0,,,澳门
2020-02-04,10,0,0,0,0,2,,0,0,,,澳门
2020-02-05,10,0,0,0,0,0,0.0,0,0,,,澳门
2020-02-06,10,0,1,0,0,0,0.0,1,0,,,澳门
2020-02-07,10,0,1,0,0,0,0.0,0,0,,,澳门
2020-02-08,10,0,1,0,0,0,0.0,0,0,,,澳门
2020-02-09,10,0,1,0,0,0,0.0,0,0,,,澳门
2020-02-10,10,0,1,0,0,0,0.0,0,0,,,澳门
2020-02-11,10,0,1,0,0,0,0.0,0,0,,,澳门
2020-02-12,10,0,2,0,0,0,0.0,1,0,,,澳门
2020-02-13,10,0,3,0,0,0,0.0,1,0,,,澳门
2020-02-14,10,0,3,0,0,0,0.0,0,0,,,澳门
2020-02-15,10,0,3,0,0,0,0.0,0,0,,,澳门
2020-02-16,10,0,5,0,0,0,0.0,2,0,,,澳门
2020-02-17,10,0,5,0,0,0,0.0,0,0,,,澳门
2020-02-18,10,0,6,0,0,0,0.0,1,0,,,澳门
2020-02-19,10,0,6,0,0,0,0.0,0,0,,,澳门
2020-02-20,10,0,6,0,0,0,0.0,0,0,,,澳门
2020-02-21,10,0,6,0,0,0,0.0,0,0,,,澳门
2020-02-22,10,0,6,0,0,0,0.0,0,0,,,澳门
2020-02-23,10,0,6,0,0,0,0.0,0,0,,,澳门
2020-02-24,10,0,6,0,0,0,0.0,0,0,,,澳门
2020-02-25,10,0,7,0,0,0,0.0,1,0,,,澳门
2020-02-26,10,0,7,0,0,0,,0,0,,,澳门
2020-02-27,10,0,8,0,0,0,0.0,1,0,,,澳门
2020-02-28,10,0,8,0,0,0,,0,0,,,澳门
2020-02-29,10,0,8,0,0,0,,0,0,,,澳门
2020-03-01,10,0,8,0,0,0,,0,0,,,澳门
2020-03-02,10,0,8,0,0,0,,0,0,,,澳门
2020-03-03,10,0,9,0,0,0,0.0,1,0,0.0,,澳门
2020-03-04,10,0,9,0,0,0,,0,0,,,澳门
2020-03-05,10,0,9,0,0,0,,0,0,,,澳门
2020-03-06,10,0,10,0,0,0,0.0,1,0,0.0,,澳门
2020-03-07,10,0,10,0,0,0,,0,0,,,澳门
2020-03-08,10,0,10,0,0,0,,0,0,,,澳门
2020-03-09,10,0,10,0,0,0,,0,0,,,澳门
2020-03-10,10,0,10,0,0,0,,0,0,,,澳门
2020-03-11,10,0,10,0,0,0,,0,0,,,澳门
2020-03-12,10,0,10,0,0,0,,0,0,,,澳门
2020-03-13,10,0,10,0,0,0,,0,0,,,澳门
2020-03-14,10,0,10,0,0,0,,0,0,,,澳门
2020-03-15,11,0,10,0,0,1,0.0,0,0,0.0,,澳门
2020-03-16,11,0,10,0,0,0,,0,0,,,澳门
2020-03-17,13,0,10,0,0,2,0.0,0,0,0.0,,澳门
2020-03-18,15,0,10,0,0,2,0.0,0,0,0.0,,澳门
2020-03-19,17,0,10,0,0,2,0.0,0,0,0.0,,澳门
2020-03-20,17,0,10,0,0,0,,0,0,,,澳门
2020-03-21,18,0,10,0,0,1,0.0,0,0,0.0,,澳门
2020-03-22,21,0,10,0,0,3,0.0,0,0,0.0,,澳门
2020-03-23,25,0,10,0,0,4,0.0,0,0,0.0,,澳门
2020-03-24,26,0,10,0,0,1,0.0,0,0,0.0,,澳门
2020-03-25,30,0,10,0,0,4,0.0,0,0,0.0,,澳门
2020-03-26,33,0,10,0,0,3,0.0,0,0,0.0,,澳门
2020-03-27,34,0,10,0,0,1,0.0,0,0,0.0,,澳门
2020-03-28,37,0,10,0,0,3,0.0,0,0,0.0,,澳门
2020-03-29,38,0,10,0,0,1,0.0,0,0,0.0,,澳门
2020-03-30,39,0,10,0,0,1,0.0,0,0,0.0,,澳门
2020-03-31,41,0,10,0,0,2,0.0,0,0,0.0,,澳门
2020-01-26,4,0,0,0,0,4,,0,0,,,青海
2020-01-27,6,0,0,0,0,2,,0,0,,,青海
2020-01-28,6,0,0,0,0,0,,0,0,,,青海
2020-01-29,6,1,0,0,0,0,,0,0,,,青海
2020-01-30,8,0,0,0,0,2,,0,0,,,青海
2020-01-31,8,1,0,0,0,0,0.0,0,0,,,青海
2020-02-01,9,2,0,0,0,1,,0,0,,,青海
2020-02-02,13,0,0,0,0,4,,0,0,,,青海
2020-02-03,15,0,0,0,0,2,,0,0,,,青海
2020-02-04,17,0,0,0,0,2,,0,0,,,青海
2020-02-05,18,0,3,0,0,1,0.0,3,0,,,青海
2020-02-06,18,0,3,0,0,0,0.0,0,0,,,青海
2020-02-07,18,0,3,0,0,0,,0,0,,,青海
2020-02-08,18,0,3,0,0,0,,0,0,,,青海
2020-02-09,18,0,3,0,0,0,,0,0,,,青海
2020-02-10,18,0,3,0,0,0,,0,0,,,青海
2020-02-11,18,0,5,0,0,0,,2,0,,,青海
2020-02-12,18,0,9,0,0,0,,4,0,,,青海
2020-02-13,18,0,11,0,0,0,,2,0,,,青海
2020-02-14,18,0,11,0,0,0,,0,0,,,青海
2020-02-15,18,0,13,0,0,0,,2,0,,,青海
2020-02-16,18,0,13,0,0,0,,0,0,,,青海
2020-02-17,18,0,13,0,0,0,,0,0,,,青海
2020-02-18,18,0,15,0,0,0,,2,0,,,青海
2020-02-19,18,0,16,0,0,0,,1,0,,,青海
2020-02-20,18,0,16,0,0,0,,0,0,,,青海
2020-02-21,18,0,18,0,0,0,,2,0,,,青海
2020-02-22,18,0,18,0,0,0,,0,0,,,青海
2020-02-23,18,0,18,0,0,0,,0,0,,,青海
2020-02-24,18,0,18,0,0,0,,0,0,,,青海
2020-02-25,18,0,18,0,0,0,,0,0,,,青海
2020-02-26,18,0,18,0,0,0,,0,0,,,青海
2020-02-27,18,0,18,0,0,0,,0,0,,,青海
2020-02-28,18,0,18,0,0,0,,0,0,,,青海
2020-02-29,18,0,18,0,0,0,,0,0,,,青海
2020-03-01,18,0,18,0,0,0,,0,0,,,青海
2020-03-02,18,0,18,0,0,0,,0,0,,,青海
2020-03-03,18,0,18,0,0,0,,0,0,,,青海
2020-03-04,18,0,18,0,0,0,,0,0,,,青海
2020-03-05,18,0,18,0,0,0,,0,0,,,青海
2020-03-06,18,0,18,0,0,0,,0,0,,,青海
2020-03-07,18,0,18,0,0,0,,0,0,,,青海
2020-03-08,18,0,18,0,0,0,,0,0,,,青海
2020-03-09,18,0,18,0,0,0,,0,0,,,青海
2020-03-10,18,0,18,0,0,0,,0,0,,,青海
2020-03-11,18,0,18,0,0,0,,0,0,,,青海
2020-03-12,18,0,18,0,0,0,,0,0,,,青海
2020-03-13,18,0,18,0,0,0,,0,0,,,青海
2020-03-14,18,0,18,0,0,0,,0,0,,,青海
2020-03-15,18,0,18,0,0,0,,0,0,,,青海
2020-03-16,18,0,18,0,0,0,,0,0,,,青海
2020-03-17,18,0,18,0,0,0,,0,0,,,青海
2020-03-18,18,0,18,0,0,0,,0,0,,,青海
2020-03-19,18,0,18,0,0,0,,0,0,,,青海
2020-03-20,18,0,18,0,0,0,,0,0,,,青海
2020-03-21,18,0,18,0,0,0,,0,0,,,青海
2020-03-22,18,0,18,0,0,0,,0,0,,,青海
2020-03-23,18,0,18,0,0,0,,0,0,,,青海
2020-03-24,18,0,18,0,0,0,,0,0,,,青海
2020-03-25,18,0,18,0,0,0,,0,0,,,青海
2020-03-26,18,0,18,0,0,0,,0,0,,,青海
2020-03-27,18,0,18,0,0,0,,0,0,,,青海
2020-03-28,18,0,18,0,0,0,,0,0,,,青海
2020-03-29,18,0,18,0,0,0,,0,0,,,青海
2020-03-30,18,0,18,0,0,0,,0,0,,,青海
2020-03-31,18,0,18,0,0,0,,0,0,,,青海
2020-01-21,0,0,0,0,0,0,,0,0,,,西藏
2020-01-22,0,0,0,0,0,0,,0,0,,,西藏
2020-01-23,0,0,0,0,0,0,,0,0,,,西藏
2020-01-24,0,0,0,0,0,0,,0,0,,,西藏
2020-01-25,0,0,0,0,0,0,,0,0,,,西藏
2020-01-26,0,0,0,0,0,0,,0,0,,,西藏
2020-01-27,0,0,0,0,0,0,,0,0,,,西藏
2020-01-28,0,1,0,0,0,0,,0,0,,,西藏
2020-01-29,1,0,0,0,0,1,,0,0,,,西藏
2020-01-30,1,0,0,0,0,0,,0,0,,,西藏
2020-01-31,1,0,0,0,0,0,,0,0,,,西藏
2020-02-01,1,0,0,0,0,0,,0,0,,,西藏
2020-02-02,1,0,0,0,0,0,,0,0,,,西藏
2020-02-03,1,0,0,0,0,0,,0,0,,,西藏
2020-02-04,1,0,0,0,0,0,,0,0,,,西藏
2020-02-05,1,0,0,0,0,0,0.0,0,0,,,西藏
2020-02-06,1,0,0,0,0,0,0.0,0,0,,,西藏
2020-02-07,1,0,0,0,0,0,0.0,0,0,,,西藏
2020-02-08,1,0,0,0,0,0,,0,0,,,西藏
2020-02-09,1,0,0,0,0,0,,0,0,,,西藏
2020-02-10,1,0,0,0,0,0,,0,0,,,西藏
2020-02-11,1,0,0,0,0,0,,0,0,,,西藏
2020-02-12,1,0,1,0,0,0,,1,0,,,西藏
2020-02-13,1,0,1,0,0,0,,0,0,,,西藏
2020-02-14,1,0,1,0,0,0,,0,0,,,西藏
2020-02-15,1,0,1,0,0,0,,0,0,,,西藏
2020-02-16,1,0,1,0,0,0,,0,0,,,西藏
2020-02-17,1,0,1,0,0,0,,0,0,,,西藏
2020-02-18,1,0,1,0,0,0,,0,0,,,西藏
2020-02-19,1,0,1,0,0,0,,0,0,,,西藏
2020-02-20,1,0,1,0,0,0,,0,0,,,西藏
2020-02-21,1,0,1,0,0,0,,0,0,,,西藏
2020-02-22,1,0,1,0,0,0,,0,0,,,西藏
2020-02-23,1,0,1,0,0,0,,0,0,,,西藏
2020-02-24,1,0,1,0,0,0,,0,0,,,西藏
2020-02-25,1,0,1,0,0,0,,0,0,,,西藏
2020-02-26,1,0,1,0,0,0,,0,0,,,西藏
2020-02-27,1,0,1,0,0,0,,0,0,,,西藏
2020-02-28,1,0,1,0,0,0,,0,0,,,西藏
2020-02-29,1,0,1,0,0,0,,0,0,,,西藏
2020-03-01,1,0,1,0,0,0,,0,0,,,西藏
2020-03-02,1,0,1,0,0,0,,0,0,,,西藏
2020-03-03,1,0,1,0,0,0,,0,0,,,西藏
2020-03-04,1,0,1,0,0,0,,0,0,,,西藏
2020-03-05,1,0,1,0,0,0,,0,0,,,西藏
2020-03-07,1,0,1,0,0,0,,0,0,,,西藏
2020-03-08,1,0,1,0,0,0,,0,0,,,西藏
2020-03-09,1,0,1,0,0,0,,0,0,,,西藏
2020-03-10,1,0,1,0,0,0,,0,0,,,西藏
2020-03-11,1,0,1,0,0,0,,0,0,,,西藏
2020-03-12,1,0,1,0,0,0,,0,0,,,西藏
2020-03-13,1,0,1,0,0,0,,0,0,,,西藏
2020-03-14,1,0,1,0,0,0,,0,0,,,西藏
2020-03-15,1,0,1,0,0,0,,0,0,,,西藏
2020-03-16,1,0,1,0,0,0,,0,0,,,西藏
2020-03-17,1,0,1,0,0,0,,0,0,,,西藏
2020-03-18,1,0,1,0,0,0,,0,0,,,西藏
2020-03-19,1,0,1,0,0,0,,0,0,,,西藏
2020-03-20,1,0,1,0,0,0,,0,0,,,西藏
2020-03-21,1,0,1,0,0,0,,0,0,,,西藏
2020-03-22,1,0,1,0,0,0,,0,0,,,西藏
2020-03-23,1,0,1,0,0,0,,0,0,,,西藏
2020-03-24,1,0,1,0,0,0,,0,0,,,西藏
2020-03-25,1,0,1,0,0,0,,0,0,,,西藏
2020-03-26,1,0,1,0,0,0,,0,0,,,西藏
2020-03-27,1,0,1,0,0,0,,0,0,,,西藏
2020-03-28,1,0,1,0,0,0,,0,0,,,西藏
2020-03-29,1,0,1,0,0,0,,0,0,,,西藏
2020-03-30,1,0,1,0,0,0,,0,0,,,西藏
